filename,top_x,top_y,bottom_x,bottom_y,pole_length
IMG_3284.JPG,1076.2,520.0,1236.7,1202.0,700.63362
IMG_2830.JPG,1043.1,523.0,1125.7,826.0,314.06512
IMG_1487.JPG,,,1163.0,653.0,
IMG_3290.JPG,1091.5,570.0,1237.1,1215.0,661.23031
IMG_2617.JPG,,,,,
IMG_0766.JPG,1206.7,483.0,1230.0,902.0,419.64583
IMG_2159.JPG,,,,,
IMG_1322.JPG,1141.9,493.0,1169.7,735.0,243.59333
IMG_0982.JPG,1150.9,496.0,1194.6,788.0,295.2527
IMG_1849.JPG,,,,,
IMG_2398.JPG,,,,,
IMG_3092.JPG,1052.9,519.0,1157.1,1048.0,539.164
IMG_2401.JPG,,,,,
IMG_0216.JPG,1255.5,464.0,1246.7,845.0,381.10086
IMG_2373.JPG,,,,,
IMG_3045.JPG,1042.8,517.0,1153.4,992.0,487.70425
IMG_1652.JPG,,,,,
IMG_3051.JPG,1046.0,519.0,1164.0,1039.0,533.21808
IMG_1083.JPG,1144.6,496.0,1191.2,824.0,331.28863
IMG_0362.JPG,1236.7,465.0,1275.8,1170.0,706.08472
IMG_0404.JPG,1260.0,793.0,1261.0,1127.0,334.0015
IMG_3119.JPG,1038.8,521.0,1160.0,1006.0,499.92656
IMG_2207.JPG,,,,,
IMG_0410.JPG,1239.7,465.0,1259.8,1132.0,667.30137
IMG_2561.JPG,1057.8,514.0,1110.2,731.0,223.23469
IMG_2549.JPG,1053.8,505.0,1109.5,728.0,229.86314
IMG_1726.JPG,,,,,
IMG_3125.JPG,1039.8,519.0,1154.1,1010.0,504.12453
IMG_1054.JPG,1143.9,491.0,1195.0,821.0,333.93116
IMG_2978.JPG,1043.5,519.0,1143.6,964.0,456.12288
IMG_2788.JPG,1066.9,514.0,1106.8,780.0,268.98256
IMG_2950.JPG,1062.7,593.0,1152.0,981.0,398.14217
IMG_1295.JPG,1134.5,491.0,1186.3,821.0,334.03437
IMG_0835.JPG,1176.9,560.0,1197.6,794.0,234.91421
IMG_2777.JPG,1050.1,506.0,1107.6,774.0,274.0846
IMG_2763.JPG,1054.6,513.0,1109.1,764.0,256.84382
IMG_3333.JPG,1087.3,514.0,1233.5,1236.0,736.65704
IMG_2993.JPG,1038.0,518.0,1149.2,963.0,458.6955
IMG_3332.JPG,1087.9,516.0,1232.5,1231.0,729.47845
IMG_1243.JPG,1138.4,493.0,1190.8,835.0,345.97697
IMG_2762.JPG,1060.9,511.0,1106.7,761.0,254.15341
IMG_1294.JPG,1151.8,484.0,1180.1,822.0,339.18564
IMG_2945.JPG,1034.9,518.0,1147.4,941.0,437.69389
IMG_2951.JPG,1039.0,521.0,1146.5,933.0,425.77617
IMG_2789.JPG,1061.0,515.0,1107.1,781.0,269.96922
IMG_2979.JPG,1038.4,519.0,1151.2,959.0,454.23974
IMG_3124.JPG,1038.3,520.0,1158.3,1008.0,502.54275
IMG_1055.JPG,1154.4,495.0,1189.8,822.0,328.91167
IMG_2548.JPG,,,1110.0,728.0,
IMG_1727.JPG,,,,,
IMG_2206.JPG,,,,,
IMG_3118.JPG,1040.0,522.0,1157.7,1008.0,500.035
IMG_2212.JPG,,,,,
IMG_0405.JPG,1258.0,759.0,1258.0,1128.0,369.0
IMG_1082.JPG,1147.9,496.0,1191.1,855.0,361.5951
IMG_3050.JPG,1054.5,578.0,1160.5,991.0,426.36589
IMG_2428.JPG,,,,,
IMG_1653.JPG,,,,,
IMG_3044.JPG,1036.2,523.0,1164.9,983.0,477.68248
IMG_2372.JPG,,,,,
IMG_0217.JPG,1251.0,465.0,1252.0,988.0,523.00096
IMG_2400.JPG,,,,,
IMG_0571.JPG,1232.7,469.0,1268.4,1129.0,660.96257
IMG_3093.JPG,1037.2,519.0,1174.1,1049.0,547.40064
IMG_2399.JPG,,,,,
IMG_1848.JPG,,,,,
IMG_1323.JPG,1179.2,670.0,1165.5,738.0,69.3666
IMG_0983.JPG,1150.0,496.0,1195.2,790.0,297.46105
IMG_2158.JPG,,,,,
IMG_0001.JPG,,,1147.7,570.0,
IMG_2616.JPG,,,,,
IMG_0767.JPG,1200.5,484.0,1234.3,888.0,405.40706
IMG_2831.JPG,1051.8,520.0,1124.2,842.0,330.04876
IMG_3291.JPG,1094.1,549.0,1224.0,1216.0,679.52244
IMG_1486.JPG,,,1165.6,650.0,
IMG_3285.JPG,1080.1,518.0,1225.4,1206.0,703.17421
IMG_2825.JPG,1107.3,675.0,1119.8,788.0,113.68584
IMG_2803 (1).JPG,1063.9,506.0,1109.6,784.0,281.73214
IMG_1484.JPG,,,1166.4,650.0,
IMG_3293.JPG,1091.3,512.0,1195.6,1166.0,662.25368
IMG_2833.JPG,1056.0,520.0,1115.0,805.0,291.04063
IMG_2827.JPG,1059.8,514.0,1113.2,794.0,285.06534
IMG_3287.JPG,1080.6,516.0,1224.1,1218.0,716.52646
IMG_1490.JPG,,,1171.0,683.0,
IMG_0765.JPG,1207.2,483.0,1229.8,913.0,430.59477
IMG_2614.JPG,,,,,
IMG_0981.JPG,1153.5,495.0,1194.9,786.0,293.93352
IMG_1321.JPG,1142.5,493.0,1169.8,734.0,242.54819
IMG_3244.JPG,1063.9,513.0,1200.5,1174.0,674.9588
IMG_3091.JPG,1039.5,523.0,1158.8,1004.0,495.5626
IMG_0598.JPG,1227.7,469.0,1288.1,1124.0,657.77953
IMG_2370.JPG,,,,,
IMG_1679.JPG,,,,,
IMG_0573.JPG,1231.9,468.0,1267.4,1126.0,658.95612
IMG_2402.JPG,,,,,
IMG_0215.JPG,1255.6,464.0,1246.3,854.0,390.11041
IMG_1123.JPG,1142.3,495.0,1192.5,831.0,339.72595
IMG_3052.JPG,1038.8,520.0,1160.9,996.0,491.40486
IMG_3046.JPG,1056.6,543.0,1147.6,993.0,459.10505
IMG_2589.JPG,1077.5,514.0,1110.2,747.0,235.27792
IMG_1080.JPG,1140.9,491.0,1196.6,852.0,365.27018
IMG_2562.JPG,1054.7,516.0,1114.0,745.0,236.54529
IMG_2204.JPG,,,,,
IMG_0407.JPG,1238.0,465.0,1257.9,1140.0,675.29202
IMG_2210.JPG,,,,,
IMG_0361.JPG,1238.4,464.0,1276.7,1170.0,707.03342
IMG_1057.JPG,1152.6,494.0,1187.9,820.0,327.90612
IMG_1731.JPG,,,,,
IMG_1725.JPG,,,,,
IMG_0836.JPG,1185.1,487.0,1210.1,791.0,305.02691
IMG_2947.JPG,1037.1,521.0,1156.6,963.0,457.85804
IMG_0188.JPG,1251.0,466.0,1271.7,1234.0,768.27858
IMG_1296.JPG,1129.7,491.0,1189.1,819.0,333.33863
IMG_2953.JPG,1038.5,519.0,1146.3,936.0,430.6951
IMG_2760.JPG,1059.8,515.0,1105.9,755.0,244.38147
IMG_1269.JPG,1139.9,493.0,1184.1,830.0,339.88567
IMG_0163.JPG,1242.2,467.0,1300.0,1180.0,715.33842
IMG_2012.JPG,,,,,
IMG_3330.JPG,1090.3,518.0,1268.2,1504.0,1001.92656
IMG_3331.JPG,1087.4,518.0,1232.0,1235.0,731.43693
IMG_1268.JPG,1139.5,490.0,1184.1,830.0,342.9102
IMG_2761.JPG,1070.5,599.0,1117.4,726.0,135.38029
IMG_2952.JPG,1061.5,601.0,1135.8,943.0,349.97148
IMG_0837.JPG,1174.4,487.0,1215.5,790.0,305.77347
IMG_1297.JPG,1152.4,492.0,1179.1,822.0,331.08127
IMG_0189.JPG,1256.3,465.0,1248.0,885.0,420.08107
IMG_2946.JPG,1038.5,517.0,1150.4,973.0,469.53746
IMG_1724.JPG,,,,,
IMG_1056.JPG,1153.7,494.0,1190.0,820.0,328.00993
IMG_1730.JPG,,,,,
IMG_2211.JPG,,,,,
IMG_0406.JPG,1223.1,466.0,1255.0,720.0,255.9903
IMG_0360.JPG,1241.3,464.0,1261.6,1179.0,715.28792
IMG_2563.JPG,1058.9,515.0,1113.4,747.0,238.32175
IMG_2205.JPG,,,,,
IMG_1081.JPG,1169.7,553.0,1182.5,854.0,301.27436
IMG_2588.JPG,1072.2,513.0,1111.4,748.0,238.23828
IMG_3047.JPG,1040.2,523.0,1166.8,1029.0,521.57286
IMG_3053.JPG,1037.9,520.0,1162.4,995.0,491.02714
IMG_0572.JPG,1228.4,469.0,1280.7,1115.0,648.11877
IMG_0214.JPG,1251.0,465.0,1252.0,988.0,523.00096
IMG_2403.JPG,,,,,
IMG_2417.JPG,,,,,
IMG_1678.JPG,,,,,
IMG_2371.JPG,,,,,
IMG_0599.JPG,1234.8,468.0,1265.5,1126.0,658.71501
IMG_3090.JPG,1039.9,527.0,1160.6,1019.0,506.58746
IMG_3245.JPG,1063.9,513.0,1210.5,1223.0,724.97893
IMG_0980.JPG,1150.9,495.0,1195.7,784.0,292.44894
IMG_1320.JPG,1174.5,623.0,1179.4,737.0,114.10809
IMG_0770.JPG,1205.3,484.0,1224.3,826.0,342.52705
IMG_0764.JPG,1206.7,483.0,1230.8,917.0,434.66894
IMG_0002.JPG,1263.3,474.0,1285.8,1240.0,766.33139
IMG_2615.JPG,,,,,
IMG_2826.JPG,1112.5,696.0,1105.2,792.0,96.27979
IMG_1491.JPG,,,1171.7,682.0,
IMG_3286.JPG,1091.5,571.0,1224.1,1207.0,649.67818
IMG_3292.JPG,1081.8,513.0,1227.8,1231.0,732.68024
IMG_1485.JPG,,,1168.7,680.0,
IMG_2832.JPG,1045.6,520.0,1117.7,803.0,292.02288
IMG_2836.JPG,1044.2,519.0,1116.0,806.0,295.83283
IMG_2188.JPG,,,,,
IMG_3282.JPG,1079.8,522.0,1245.3,1331.0,825.75405
IMG_1442.JPG,,,,,
IMG_0984.JPG,1154.2,472.0,1190.7,791.0,321.07419
IMG_3241.JPG,1062.6,513.0,1194.0,1165.0,665.10318
IMG_2639.JPG,,,,,
IMG_2611.JPG,,,,,
IMG_1318.JPG,1142.5,493.0,1172.3,767.0,275.61932
IMG_3269.JPG,1097.5,594.0,1244.0,1226.0,648.76315
IMG_3094.JPG,1033.7,517.0,1175.1,1035.0,536.9684
IMG_1683.JPG,,,,,
IMG_1873.JPG,,,,,
IMG_2349.JPG,,,,,
IMG_1126.JPG,1140.7,496.0,1192.7,832.0,340.00549
IMG_0238.JPG,1244.5,464.0,1279.4,1226.0,762.79777
IMG_3043.JPG,1038.2,518.0,1158.1,986.0,483.11739
IMG_1654.JPG,,,,,
IMG_2375.JPG,,,,,
IMG_0576.JPG,1228.3,468.0,1280.1,1119.0,653.05513
IMG_3123.JPG,1037.8,521.0,1160.5,1012.0,506.11122
IMG_1052.JPG,1153.2,489.0,1190.9,819.0,332.14526
IMG_0358.JPG,1237.8,464.0,1276.1,1173.0,710.03389
IMG_3137.JPG,1035.5,520.0,1158.0,1010.0,505.08044
IMG_2229.JPG,,,,,
IMG_2567.JPG,1114.2,658.0,1109.4,740.0,82.13659
IMG_2573.JPG,1111.0,661.0,1102.5,746.0,85.4242
IMG_1293.JPG,1150.9,491.0,1179.5,824.0,334.22676
IMG_2956.JPG,1039.8,517.0,1153.0,970.0,466.94171
IMG_1250.JPG,1133.9,495.0,1192.4,835.0,344.99842
IMG_2981.JPG,1042.1,517.0,1142.4,963.0,457.14788
IMG_2759.JPG,1050.1,514.0,1106.5,750.0,242.65759
IMG_3335.JPG,1088.7,514.0,1232.5,1251.0,750.88664
IMG_2995.JPG,1036.8,520.0,1151.7,964.0,458.61864
IMG_1244.JPG,1137.0,494.0,1189.5,835.0,345.01018
IMG_2765.JPG,1058.6,513.0,1108.1,771.0,262.71033
IMG_3309.JPG,1083.9,517.0,1231.8,1228.0,726.21988
IMG_0600.JPG,1237.9,468.0,1260.1,1126.0,658.37464
IMG_0166.JPG,1245.3,466.0,1286.8,1232.0,767.11914
IMG_0601.JPG,1231.9,469.0,1267.3,1125.0,656.95373
IMG_3308.JPG,1083.9,518.0,1229.2,1212.0,709.06048
IMG_0167.JPG,1245.7,466.0,1286.3,1238.0,773.06778
IMG_2764.JPG,1054.9,514.0,1108.9,768.0,259.69593
IMG_3334.JPG,1098.7,513.0,1147.2,904.0,394.00116
IMG_1245.JPG,1147.6,491.0,1186.2,838.0,349.13836
IMG_2994.JPG,1037.2,519.0,1151.3,961.0,456.4802
IMG_2758.JPG,1078.3,557.0,1101.7,746.0,190.44071
IMG_2980.JPG,1041.8,519.0,1152.3,998.0,491.58404
IMG_1251.JPG,1137.7,495.0,1189.4,839.0,347.84954
IMG_2957.JPG,1042.3,518.0,1137.7,942.0,434.598
IMG_1292.JPG,1145.3,488.0,1182.5,822.0,336.07069
IMG_2572.JPG,1057.5,516.0,1113.8,741.0,231.92469
IMG_0403.JPG,,,,,
IMG_2566.JPG,1075.6,531.0,1116.2,668.0,142.87629
IMG_0359.JPG,1232.5,464.0,1290.3,1169.0,707.36353
IMG_2228.JPG,,,,,
IMG_3122.JPG,1037.0,522.0,1161.9,1006.0,499.85612
IMG_1053.JPG,1154.2,493.0,1190.6,820.0,329.02083
IMG_0211.JPG,1251.0,465.0,1253.0,989.0,524.00382
IMG_0577.JPG,1228.4,469.0,1280.9,1117.0,650.12533
IMG_2374.JPG,,,,,
IMG_1655.JPG,,,,,
IMG_3042.JPG,1041.2,526.0,1155.9,992.0,479.90741
IMG_2348.JPG,,,,,
IMG_0239.JPG,1247.4,464.0,1267.4,1222.0,758.26338
IMG_1127.JPG,1151.4,495.0,1188.9,832.0,339.07586
IMG_1872.JPG,,,,,
IMG_1682.JPG,,,,,
IMG_3095.JPG,1042.8,515.0,1156.6,1004.0,502.07188
IMG_2162.JPG,,,,,
IMG_1319.JPG,1129.9,490.0,1175.4,753.0,266.89341
IMG_2610.JPG,,,,,
IMG_3268.JPG,1073.6,513.0,1234.1,1195.0,700.63362
IMG_3240.JPG,1058.8,516.0,1204.2,1155.0,655.33349
IMG_2638.JPG,,,,,
IMG_0985.JPG,1159.3,495.0,1189.1,821.0,327.35649
IMG_1443.JPG,,,,,
IMG_3283.JPG,1080.0,517.0,1219.8,1209.0,705.98004
IMG_2837.JPG,1049.4,502.0,1111.2,806.0,310.21544
IMG_3281.JPG,1078.6,516.0,1227.5,1244.0,743.07622
IMG_0788.JPG,1201.6,487.0,1220.4,834.0,347.50843
IMG_2835.JPG,1045.2,519.0,1117.5,808.0,297.89438
IMG_2809.JPG,1117.1,703.0,1114.5,786.0,83.03862
IMG_3242.JPG,1079.6,598.0,1206.1,1174.0,589.72677
IMG_1441.JPG,,,,,
IMG_0987.JPG,1150.9,494.0,1192.6,795.0,303.87134
IMG_2160.JPG,,,,,
IMG_2612.JPG,,,,,
IMG_3097.JPG,1038.2,520.0,1159.5,1001.0,496.06323
IMG_1680.JPG,,,,,
IMG_0549.JPG,1228.4,469.0,1280.9,1117.0,650.12533
IMG_1657.JPG,,,,,
IMG_1131.JPG,1140.9,493.0,1193.1,833.0,343.99842
IMG_1125.JPG,1141.9,496.0,1193.3,832.0,339.90981
IMG_0575.JPG,1228.3,468.0,1280.6,1125.0,659.07473
IMG_2404.JPG,,,,,
IMG_0213.JPG,1252.0,464.0,1252.0,992.0,528.0
IMG_2376.JPG,,,,,
IMG_3068.JPG,1038.7,520.0,1161.2,998.0,493.46959
IMG_1723.JPG,,,,,
IMG_1051.JPG,1158.7,492.0,1189.0,820.0,329.40068
IMG_0429.JPG,1231.9,467.0,1267.9,1138.0,671.96773
IMG_3120.JPG,1038.8,519.0,1161.0,1008.0,504.04966
IMG_2570.JPG,,,1103.2,744.0,
IMG_1079.JPG,1143.1,490.0,1192.0,825.0,338.54246
IMG_2564.JPG,1062.3,515.0,1114.2,763.0,253.36455
IMG_2202.JPG,,,,,
IMG_2955.JPG,1039.1,521.0,1145.8,937.0,429.46299
IMG_2969.JPG,1037.2,515.0,1148.8,961.0,459.72628
IMG_0818.JPG,1196.5,485.0,1208.5,816.0,331.21506
IMG_2996.JPG,1055.0,516.0,1137.1,968.0,459.39757
IMG_1247.JPG,1144.9,493.0,1181.3,838.0,346.91253
IMG_3336.JPG,1108.2,594.0,1186.9,1093.0,505.17811
IMG_0165.JPG,1239.4,467.0,1292.4,994.0,529.66232
IMG_0603.JPG,1232.7,468.0,1269.4,1129.0,662.01881
IMG_1509.JPG,,,1173.7,658.0,
IMG_1508.JPG,,,,,
IMG_0170.JPG,1243.5,467.0,1302.0,1221.0,756.26979
IMG_0164.JPG,1243.4,466.0,1302.0,1221.0,757.2729
IMG_0602.JPG,1229.0,468.0,1282.4,1120.0,654.17958
IMG_2015.JPG,,,,,
IMG_1534.JPG,,,,,
IMG_1246.JPG,1124.2,495.0,1201.7,835.0,348.70867
IMG_2997.JPG,1036.9,521.0,1159.8,986.0,480.98139
IMG_3337.JPG,1089.9,514.0,1226.4,1255.0,753.46667
IMG_0819.JPG,1201.0,482.0,1204.0,782.0,300.015
IMG_1291.JPG,1150.5,491.0,1179.7,823.0,333.28337
IMG_2954.JPG,1047.6,516.0,1139.6,941.0,434.85463
IMG_2565.JPG,1062.5,516.0,1109.0,738.0,226.82377
IMG_2203.JPG,,,,,
IMG_1078.JPG,1144.8,490.0,1191.0,823.0,336.19757
IMG_2571.JPG,1060.8,517.0,1112.2,742.0,230.79302
IMG_3121.JPG,1034.3,521.0,1167.0,1006.0,502.83847
IMG_0428.JPG,1231.6,467.0,1268.1,1139.0,672.98802
IMG_3069.JPG,1038.5,517.0,1163.7,999.0,497.99624
IMG_2377.JPG,,,,,
IMG_0574.JPG,1224.4,469.0,1273.3,918.0,451.65258
IMG_0212.JPG,1245.5,465.0,1279.7,1230.0,765.76294
IMG_1124.JPG,1141.3,496.0,1192.8,831.0,338.93968
IMG_1656.JPG,,,,,
IMG_0548.JPG,1232.1,467.0,1266.3,1122.0,655.8937
IMG_3041.JPG,1038.6,517.0,1154.7,989.0,486.07377
IMG_1130.JPG,1156.2,495.0,1185.7,839.0,345.25882
IMG_1681.JPG,,,,,
IMG_3096.JPG,1039.5,520.0,1161.5,1008.0,503.01889
IMG_2613.JPG,,,,,
IMG_2161.JPG,,,,,
IMG_0986.JPG,1152.3,474.0,1194.2,822.0,350.51924
IMG_1440.JPG,,,,,
IMG_3257.JPG,1066.4,512.0,1213.3,1175.0,679.08025
IMG_3243.JPG,1060.8,517.0,1213.4,1174.0,674.48497
IMG_0979.JPG,1147.4,493.0,1195.3,782.0,292.93484
IMG_2808.JPG,1054.9,519.0,1108.9,787.0,273.38077
IMG_1483.JPG,,,1171.1,666.0,
IMG_2834.JPG,1052.9,519.0,1114.2,808.0,295.42345
IMG_0789.JPG,1201.6,487.0,1220.4,834.0,347.50843
IMG_3280.JPG,1071.8,517.0,1232.6,1200.0,701.66127
IMG_0936.JPG,1167.8,491.0,1202.5,803.0,313.92835
IMG_2853.JPG,1042.8,517.0,1117.5,812.0,304.32312
IMG_2660.JPG,,,,,
IMG_1369.JPG,1169.4,611.0,1158.2,693.0,82.76269
IMG_3218.JPG,1069.6,599.0,1205.6,1118.0,536.51199
IMG_2884.JPG,1042.1,514.0,1131.3,882.0,378.64451
IMG_0739.JPG,1229.6,625.0,1240.4,907.0,282.20702
IMG_1341.JPG,,,,,
IMG_2489.JPG,,,,,
IMG_2304.JPG,,,,,
IMG_2476.JPG,,,,,
IMG_0261.JPG,1238.6,463.0,1299.1,1201.0,740.478
IMG_1631.JPG,,,,,
IMG_3026.JPG,1061.7,603.0,1148.2,988.0,394.59801
IMG_3191.JPG,1041.0,520.0,1177.0,1073.0,569.46279
IMG_3185.JPG,1037.8,519.0,1180.0,1088.0,586.51178
IMG_1779.JPG,,,,,
IMG_2516.JPG,,,1060.2,680.0,
IMG_3146.JPG,1059.1,605.0,1162.1,1065.0,471.38271
IMG_2258.JPG,,,,,
IMG_1751.JPG,,,,,
IMG_1989.JPG,,,,,
IMG_2933.JPG,1050.6,514.0,1132.3,938.0,431.80804
IMG_0842.JPG,1193.7,486.0,1204.8,795.0,309.20092
IMG_3387.JPG,1091.0,513.0,1246.3,1331.0,832.60731
IMG_2927.JPG,1039.5,517.0,1143.9,931.0,426.96225
IMG_2714.JPG,,,,,
IMG_3378.JPG,1089.9,518.0,1245.6,1306.0,803.2211
IMG_0671.JPG,1227.9,423.0,1258.9,965.0,542.88378
IMG_0117.JPG,1250.6,472.0,1270.5,1226.0,754.26199
IMG_1221.JPG,1139.0,489.0,1189.7,837.0,351.67433
IMG_2729.JPG,,,1087.5,685.0,
IMG_1220.JPG,1139.0,489.0,1194.0,867.0,381.97882
IMG_0670.JPG,1223.0,425.0,1267.3,954.0,530.85439
IMG_3379.JPG,1089.3,512.0,1244.7,1315.0,817.88977
IMG_0116.JPG,1250.8,472.0,1277.0,1224.0,752.45492
IMG_2715.JPG,,,,,
IMG_3386.JPG,1089.9,515.0,1254.9,1337.0,838.39176
IMG_2926.JPG,1037.4,519.0,1144.3,929.0,423.70801
IMG_2932.JPG,1041.3,515.0,1139.0,934.0,430.23331
IMG_0843.JPG,1192.4,488.0,1205.0,826.0,338.23683
IMG_1988.JPG,,,,,
IMG_1750.JPG,,,,,
IMG_2259.JPG,,,,,
IMG_3147.JPG,1059.4,603.0,1163.4,1065.0,473.54795
IMG_0314.JPG,1240.6,464.0,1279.7,1186.0,723.05481
IMG_1778.JPG,,,,,
IMG_2517.JPG,,,1079.8,654.0,
IMG_0499.JPG,1235.3,465.0,1269.4,1152.0,687.84702
IMG_3190.JPG,1039.3,520.0,1184.7,1112.0,609.59121
IMG_1963.JPG,,,,,
IMG_3027.JPG,1040.5,521.0,1155.7,989.0,481.95653
IMG_1630.JPG,,,,,
IMG_0260.JPG,1246.4,463.0,1266.2,1215.0,752.2613
IMG_0506.JPG,1229.3,463.0,1288.3,1152.0,691.52529
IMG_2305.JPG,,,,,
IMG_1195.JPG,1141.4,490.0,1189.4,838.0,351.2983
IMG_1340.JPG,,,,,
IMG_2885.JPG,1037.5,515.0,1142.3,917.0,415.43536
IMG_1368.JPG,,,1145.1,694.0,
IMG_2661.JPG,,,,,
IMG_3219.JPG,1070.5,598.0,1192.7,1132.0,547.80478
IMG_2852.JPG,1040.1,516.0,1116.9,810.0,303.86779
IMG_0937.JPG,1164.3,444.0,1202.2,804.0,361.9877
IMG_0909.JPG,1168.1,491.0,1208.6,799.0,310.6552
IMG_2878.JPG,1039.9,510.0,1135.0,896.0,397.55312
IMG_2850.JPG,1041.5,512.0,1114.0,806.0,302.80728
IMG_2688.JPG,,,,,
IMG_0935.JPG,1168.7,490.0,1203.7,804.0,315.94001
IMG_1395.JPG,,,,,
IMG_2111.JPG,,,,,
IMG_1418.JPG,,,,,
IMG_2663.JPG,,,,,
IMG_0074.JPG,1251.8,471.0,1293.0,1231.0,761.11662
IMG_1342.JPG,,,,,
IMG_3233.JPG,1053.4,513.0,1202.7,1168.0,671.79892
IMG_0048.JPG,1257.4,470.0,1278.9,1245.0,775.29999
IMG_1801.JPG,,,,,
IMG_0289.JPG,1227.6,462.0,1291.1,1043.0,584.46425
IMG_1197.JPG,1140.8,490.0,1189.3,839.0,352.35122
IMG_0504.JPG,1238.2,464.0,1258.4,1154.0,690.29561
IMG_2475.JPG,,,,,
IMG_0262.JPG,1242.6,463.0,1283.4,1218.0,756.10307
IMG_2307.JPG,,,,,
IMG_3019.JPG,1039.3,520.0,1152.0,978.0,471.66342
IMG_2449.JPG,,,,,
IMG_1154.JPG,1161.0,490.0,1182.2,836.0,346.64915
IMG_1632.JPG,,,,,
IMG_3025.JPG,1039.4,519.0,1158.1,982.0,477.98412
IMG_2298.JPG,,,,,
IMG_3186.JPG,1039.2,525.0,1182.2,1097.0,589.6041
IMG_3192.JPG,1042.5,516.0,1179.6,1081.0,581.39611
IMG_1008.JPG,1149.5,495.0,1195.0,808.0,316.28691
IMG_2515.JPG,,,,,
IMG_3145.JPG,1035.3,522.0,1169.5,1032.0,527.36672
IMG_1752.JPG,,,,,
IMG_1034.JPG,1150.5,493.0,1192.8,844.0,353.53993
IMG_0458.JPG,1230.4,462.0,1269.2,1150.0,689.09287
IMG_2924.JPG,1038.8,518.0,1140.8,932.0,426.37375
IMG_3384.JPG,1109.1,595.0,1245.4,1326.0,743.59121
IMG_0841.JPG,1180.8,445.0,1209.4,794.0,350.16683
IMG_0699.JPG,1218.6,466.0,1267.5,965.0,501.38917
IMG_2930.JPG,1041.9,516.0,1136.3,936.0,430.49802
IMG_0672.JPG,1227.9,424.0,1259.0,968.0,544.88704
IMG_2717.JPG,,,1087.1,662.0,
IMG_3353.JPG,1090.2,512.0,1235.9,1318.0,819.05164
IMG_1222.JPG,1130.1,495.0,1199.1,835.0,346.93389
IMG_0883.JPG,1178.4,491.0,1208.3,828.0,338.32208
IMG_3352.JPG,1086.6,512.0,1238.7,1277.0,779.97909
IMG_1223.JPG,1165.7,549.0,1179.7,866.0,317.31145
IMG_0667.JPG,1229.0,420.0,1258.2,963.0,543.7824
IMG_2716.JPG,,,1085.1,647.0,
IMG_0115.JPG,1247.3,472.0,1285.7,1222.0,750.98547
IMG_0673.JPG,1230.7,468.0,1258.3,984.0,516.74086
IMG_0698.JPG,1223.6,467.0,1264.9,960.0,494.72252
IMG_0840.JPG,1193.0,455.0,1204.7,794.0,339.20151
IMG_2931.JPG,1037.5,512.0,1142.0,930.0,430.86454
IMG_2925.JPG,1048.8,515.0,1136.9,930.0,424.25034
IMG_3385.JPG,1092.2,513.0,1245.9,1328.0,829.36681
IMG_1747.JPG,,,,,
IMG_1753.JPG,,,,,
IMG_3144.JPG,1035.8,521.0,1175.4,1063.0,559.70313
IMG_1035.JPG,1147.3,494.0,1196.5,848.0,357.3991
IMG_2514.JPG,,,,,
IMG_1009.JPG,1147.4,494.0,1195.6,806.0,315.70849
IMG_2500.JPG,,,,,
IMG_3193.JPG,1041.1,518.0,1177.4,1082.0,580.22527
IMG_3187.JPG,1042.5,520.0,1174.1,1086.0,581.09459
IMG_2299.JPG,,,,,
IMG_1155.JPG,1142.9,490.0,1192.8,869.0,382.26725
IMG_3024.JPG,1039.2,519.0,1165.5,1024.0,520.54209
IMG_1633.JPG,,,,,
IMG_2448.JPG,,,,,
IMG_3018.JPG,1043.1,523.0,1144.2,979.0,467.06987
IMG_2306.JPG,,,,,
IMG_0505.JPG,1235.0,465.0,1268.4,1153.0,688.81122
IMG_0263.JPG,1248.1,463.0,1267.9,1216.0,753.26164
IMG_2474.JPG,,,,,
IMG_1196.JPG,1139.0,489.0,1206.3,834.0,351.49786
IMG_0288.JPG,1237.9,463.0,1296.2,1182.0,721.35818
IMG_1800.JPG,,,,,
IMG_2138.JPG,,,,,
IMG_0049.JPG,1256.3,471.0,1279.4,1243.0,772.3441
IMG_1343.JPG,,,,,
IMG_2662.JPG,,,,,
IMG_1419.JPG,,,,,
IMG_2110.JPG,,,,,
IMG_0934.JPG,1154.0,479.0,1208.9,796.0,321.72795
IMG_1394.JPG,,,,,
IMG_2689.JPG,,,,,
IMG_2851.JPG,1042.5,516.0,1116.8,809.0,302.26158
IMG_0908.JPG,1172.7,491.0,1205.8,804.0,314.74488
IMG_2879.JPG,1040.3,512.0,1136.2,898.0,397.72166
IMG_2855.JPG,1065.3,599.0,1116.4,822.0,228.79559
IMG_1390.JPG,,,,,
IMG_3236.JPG,1051.8,519.0,1218.7,1178.0,679.79166
IMG_1347.JPG,,,1155.2,661.0,
IMG_2882.JPG,1033.4,517.0,1136.1,881.0,378.20615
IMG_1435.JPG,,,,,
IMG_2666.JPG,,,,,
IMG_0071.JPG,1261.0,471.0,1263.0,1070.0,599.00334
IMG_1488 (1).JPG,,,1164.3,652.0,
IMG_0717.JPG,1227.1,469.0,1265.0,936.0,468.53813
IMG_0529.JPG,1232.3,468.0,1269.9,1155.0,688.02743
IMG_3020.JPG,1036.1,520.0,1162.2,986.0,482.7422
IMG_1151.JPG,1143.5,490.0,1188.7,835.0,347.95108
IMG_2470.JPG,,,,,
IMG_1179.JPG,1138.3,496.0,1191.5,835.0,343.14016
IMG_0501.JPG,1238.0,465.0,1258.3,1154.0,689.29808
IMG_2302.JPG,,,,,
IMG_3197.JPG,1043.1,516.0,1179.1,1101.0,600.59368
IMG_1970.JPG,,,,,
IMG_1964.JPG,,,,,
IMG_1031.JPG,1150.1,495.0,1192.3,816.0,323.75488
IMG_2538.JPG,1059.7,511.0,1105.3,709.0,203.17104
IMG_3140.JPG,1037.7,524.0,1168.1,1049.0,540.95589
IMG_0313.JPG,1232.5,466.0,1291.0,1180.0,716.39463
IMG_0475.JPG,1225.5,466.0,1282.6,994.0,531.07872
IMG_3168.JPG,1036.7,520.0,1174.4,1053.0,550.49905
IMG_2276.JPG,,,,,
IMG_0307.JPG,1240.2,461.0,1281.4,1193.0,733.16278
IMG_3381.JPG,1089.6,512.0,1249.4,1316.0,819.74269
IMG_2921.JPG,1042.4,515.0,1141.9,964.0,459.90353
IMG_2909.JPG,1042.6,515.0,1131.5,910.0,404.87315
IMG_1227.JPG,1140.2,489.0,1188.4,838.0,352.30739
IMG_0139.JPG,1248.4,468.0,1281.1,1236.0,768.69625
IMG_3356.JPG,1087.8,512.0,1245.1,1282.0,785.89482
IMG_0887.JPG,1159.0,478.0,1212.3,795.0,321.45482
IMG_2706.JPG,,,,,
IMG_2712.JPG,,,,,
IMG_2713.JPG,,,,,
IMG_2707.JPG,,,,,
IMG_1226.JPG,1133.0,496.0,1199.7,863.0,373.01381
IMG_0886.JPG,1158.8,477.0,1212.3,795.0,322.4694
IMG_3357.JPG,1094.1,513.0,1227.1,1286.0,784.35966
IMG_2908.JPG,1038.1,517.0,1138.1,907.0,402.62151
IMG_3380.JPG,1088.0,514.0,1249.4,1304.0,806.3273
IMG_2277.JPG,,,,,
IMG_3169.JPG,1026.8,524.0,1180.4,1044.0,542.20211
IMG_0312.JPG,1259.0,462.0,1260.0,1172.0,710.0007
IMG_2539.JPG,,,1106.2,718.0,
IMG_1030.JPG,1150.1,495.0,1192.3,816.0,323.75488
IMG_3141.JPG,1037.2,522.0,1158.7,1011.0,503.86181
IMG_1965.JPG,,,,,
IMG_1971.JPG,,,,,
IMG_3196.JPG,1038.5,517.0,1194.6,1118.0,620.9454
IMG_1795.JPG,,,,,
IMG_2303.JPG,,,,,
IMG_2465.JPG,,,,,
IMG_0266.JPG,1253.0,463.0,1252.0,1007.0,544.00092
IMG_1178.JPG,1134.7,498.0,1196.4,836.0,343.57708
IMG_2471.JPG,,,,,
IMG_0500.JPG,1234.1,465.0,1274.4,1151.0,687.18634
IMG_3021.JPG,1040.0,519.0,1156.0,979.0,474.40258
IMG_0528.JPG,1238.2,467.0,1256.3,1155.0,688.23905
IMG_1150.JPG,1155.7,493.0,1185.7,836.0,344.31718
IMG_0070.JPG,1256.3,471.0,1276.9,1216.0,745.28589
IMG_2667.JPG,,,,,
IMG_0716.JPG,1234.7,460.0,1248.3,949.0,489.18929
IMG_2883.JPG,1041.9,515.0,1125.2,872.0,366.60481
IMG_3237.JPG,1056.7,518.0,1212.6,1198.0,697.64214
IMG_1346.JPG,,,,,
IMG_2897.JPG,1035.2,515.0,1131.4,878.0,375.53205
IMG_1391.JPG,,,,,
IMG_0931.JPG,1167.2,492.0,1208.5,822.0,332.56813
IMG_2854.JPG,1040.1,516.0,1117.9,814.0,308.00548
IMG_0933.JPG,1158.3,444.0,1207.7,799.0,358.4204
IMG_1393.JPG,,,,,
IMG_1387.JPG,,,,,
IMG_2856.JPG,1048.6,581.0,1122.6,826.0,255.93897
IMG_3221.JPG,1050.2,514.0,1201.3,1156.0,659.53629
IMG_1436.JPG,,,,,
IMG_2659.JPG,,,,,
IMG_2881.JPG,1042.6,514.0,1125.3,868.0,363.52602
IMG_1344.JPG,,,,,
IMG_3235.JPG,1054.7,517.0,1202.2,1155.0,654.82905
IMG_2665.JPG,,,,,
IMG_0072.JPG,1262.0,471.0,1263.0,1033.0,562.00089
IMG_3209.JPG,1046.6,516.0,1185.6,1134.0,633.44717
IMG_2498.JPG,,,,,
IMG_1152.JPG,1150.4,495.0,1188.5,838.0,345.10889
IMG_1634.JPG,,,,,
IMG_3023.JPG,1038.6,520.0,1167.9,1015.0,511.60214
IMG_2329.JPG,,,,,
IMG_2467.JPG,,,,,
IMG_2301.JPG,,,,,
IMG_1608.JPG,,,,,
IMG_0502.JPG,1230.3,468.0,1287.5,1174.0,708.31554
IMG_2473.JPG,,,,,
IMG_0264.JPG,1253.0,463.0,1253.0,1024.0,561.0
IMG_3194.JPG,1064.2,602.0,1176.1,1095.0,505.54301
IMG_1797.JPG,,,,,
IMG_1967.JPG,,,,,
IMG_0338.JPG,1230.6,467.0,1284.8,968.0,503.92144
IMG_3143.JPG,1036.2,522.0,1165.9,1024.0,518.4958
IMG_1754.JPG,,,,,
IMG_1032.JPG,1144.9,491.0,1195.0,815.0,327.85691
IMG_2513.JPG,,,,,
IMG_2275.JPG,,,,,
IMG_0476.JPG,1249.0,464.0,1250.0,1104.0,640.00078
IMG_0310.JPG,1244.5,463.0,1264.2,1192.0,729.26581
IMG_2088.JPG,,,,,
IMG_2922.JPG,1041.1,516.0,1136.7,926.0,420.99691
IMG_3382.JPG,1079.0,516.0,1185.4,916.0,413.88967
IMG_3355.JPG,1082.7,519.0,1256.1,1275.0,775.6364
IMG_0884.JPG,1173.8,491.0,1208.2,800.0,310.91087
IMG_1224.JPG,1156.6,492.0,1183.5,862.0,370.97575
IMG_2739.JPG,1048.0,517.0,1097.8,714.0,203.20831
IMG_0648.JPG,1233.4,468.0,1262.7,1058.0,590.72739
IMG_0890.JPG,1155.8,453.0,1212.2,797.0,348.58008
IMG_3341.JPG,1089.4,513.0,1234.1,1259.0,759.90669
IMG_2711.JPG,,,,,
IMG_2705.JPG,,,,,
IMG_0674.JPG,1230.7,468.0,1257.6,971.0,503.72082
IMG_0675.JPG,1229.3,469.0,1261.4,966.0,498.03722
IMG_1219.JPG,1135.7,492.0,1198.2,867.0,380.17069
IMG_2710.JPG,,,,,
IMG_2738.JPG,1048.0,517.0,1098.1,711.0,200.35379
IMG_3340.JPG,1086.6,513.0,1241.7,1254.0,757.04405
IMG_1557.JPG,,,,,
IMG_0891.JPG,1166.3,493.0,1210.8,793.0,303.27612
IMG_0649.JPG,1232.7,469.0,1263.6,1043.0,574.83013
IMG_0885.JPG,1176.0,447.0,1205.1,803.0,357.1886
IMG_3354.JPG,1091.7,517.0,1279.7,1504.0,1004.74234
IMG_1225.JPG,1137.4,494.0,1194.4,864.0,374.37283
IMG_2923.JPG,1048.3,514.0,1137.1,926.0,421.45124
IMG_3383.JPG,1110.6,581.0,1187.5,1100.0,524.675
IMG_2260.JPG,,,,,
IMG_0477.JPG,1237.5,464.0,1256.2,1152.0,688.25239
IMG_0311.JPG,1239.3,465.0,1279.2,1184.0,720.10511
IMG_2274.JPG,,,,,
IMG_1755.JPG,,,,,
IMG_3142.JPG,1037.0,522.0,1172.0,1062.0,556.61926
IMG_1033.JPG,1145.9,493.0,1197.7,845.0,355.78735
IMG_1027.JPG,1151.2,494.0,1193.0,812.0,320.72895
IMG_1966.JPG,,,,,
IMG_1796.JPG,,,,,
IMG_3195.JPG,1063.2,600.0,1145.8,920.0,330.48332
IMG_0503.JPG,1234.9,466.0,1270.2,1155.0,689.90116
IMG_0265.JPG,1253.0,462.0,1254.0,1037.0,575.00087
IMG_2472.JPG,,,,,
IMG_2466.JPG,,,,,
IMG_1609.JPG,,,,,
IMG_2300.JPG,,,,,
IMG_2328.JPG,,,,,
IMG_0259.JPG,1240.1,464.0,1294.8,1218.0,755.97917
IMG_1147.JPG,1144.0,494.0,1188.5,833.0,341.90202
IMG_1153.JPG,1150.4,495.0,1187.1,834.0,340.97787
IMG_3022.JPG,1040.1,516.0,1153.7,989.0,486.44911
IMG_2499.JPG,,,,,
IMG_0067.JPG,1250.6,470.0,1291.8,1196.0,727.1634
IMG_2181 (1).JPG,,,,,
IMG_0715.JPG,1224.7,469.0,1266.0,920.0,452.88535
IMG_0073.JPG,1251.8,471.0,1291.4,1201.0,731.07038
IMG_2664.JPG,,,,,
IMG_1345.JPG,,,,,
IMG_3234.JPG,1055.4,520.0,1206.0,1181.0,677.94754
IMG_1437.JPG,,,,,
IMG_3220.JPG,1049.8,514.0,1201.3,1158.0,661.58286
IMG_2880.JPG,1054.4,514.0,1117.9,865.0,356.68697
IMG_2658.JPG,,,,,
IMG_2857.JPG,1037.0,517.0,1121.9,831.0,325.26564
IMG_0098.JPG,1249.3,470.0,1286.8,1201.0,731.96014
IMG_0932.JPG,1169.8,491.0,1203.4,802.0,312.81343
IMG_1392.JPG,,,,,
IMG_2682.JPG,,,,,
IMG_0095.JPG,1254.9,468.0,1275.6,1214.0,746.28624
IMG_2641.JPG,,,,,
IMG_2899.JPG,1035.7,517.0,1134.3,888.0,383.88908
IMG_3239.JPG,1060.1,516.0,1209.9,1187.0,687.50831
IMG_1412.JPG,,,,,
IMG_3211.JPG,1046.0,522.0,1185.2,1097.0,591.60539
IMG_0718.JPG,1230.2,469.0,1256.0,934.0,465.71672
IMG_2669.JPG,,,,,
IMG_2494.JPG,,,,,
IMG_1823.JPG,,,,,
IMG_2325.JPG,,,,,
IMG_2443.JPG,,,,,
IMG_0240.JPG,1246.5,463.0,1266.8,1218.0,755.27432
IMG_2331.JPG,,,,,
IMG_0526.JPG,1227.1,468.0,1281.1,1000.0,534.73169
IMG_1610.JPG,,,,,
IMG_1176.JPG,1143.9,489.0,1188.5,838.0,351.84143
IMG_1943.JPG,,,,,
IMG_2251.JPG,,,,,
IMG_0334.JPG,1245.7,465.0,1265.7,1169.0,704.28537
IMG_2523.JPG,,,1095.9,669.0,
IMG_0452.JPG,1237.5,460.0,1261.7,1148.0,688.42457
IMG_1994.JPG,,,,,
IMG_3173.JPG,1032.0,522.0,1185.8,1057.0,556.68099
IMG_0308.JPG,1240.0,460.0,1280.9,1198.0,739.13286
IMG_3167.JPG,1035.0,518.0,1170.0,1042.0,541.11543
IMG_2279.JPG,,,,,
IMG_0693.JPG,1235.9,468.0,1250.0,964.0,496.19968
IMG_0863.JPG,1181.4,490.0,1207.1,803.0,314.05489
IMG_2906.JPG,1038.1,517.0,1135.8,898.0,393.33022
IMG_0122.JPG,1247.3,472.0,1286.3,1232.0,760.99929
IMG_2735.JPG,1059.9,519.0,1094.1,705.0,189.12932
IMG_0644.JPG,1228.6,467.0,1281.0,1090.0,625.19882
IMG_0650.JPG,1225.5,443.0,1274.1,1021.0,580.03389
IMG_0888.JPG,1175.9,446.0,1204.2,804.0,359.11471
IMG_3359.JPG,1105.5,546.0,1190.2,1118.0,578.23971
IMG_2709.JPG,,,,,
IMG_1200.JPG,1128.5,497.0,1207.2,861.0,372.3948
IMG_3365.JPG,1089.5,507.0,1247.1,1299.0,807.52355
IMG_3364.JPG,1089.7,511.0,1243.7,1306.0,809.77813
IMG_1201.JPG,1149.5,488.0,1188.9,864.0,378.05823
IMG_2708.JPG,,,,,
IMG_3358.JPG,1088.0,513.0,1244.8,1284.0,786.77949
IMG_0889.JPG,1160.9,447.0,1211.0,798.0,354.56202
IMG_2734.JPG,,,1056.4,729.0,
IMG_0645.JPG,1231.7,448.0,1266.6,1084.0,636.95907
IMG_2907.JPG,1037.8,517.0,1138.2,902.0,397.85676
IMG_0862.JPG,1181.4,490.0,1206.9,801.0,312.04867
IMG_0692.JPG,1226.3,420.0,1256.3,956.0,536.83802
IMG_2085.JPG,,,,,
IMG_0309.JPG,1245.4,463.0,1265.6,1190.0,727.27959
IMG_2278.JPG,,,,,
IMG_3166.JPG,1055.9,589.0,1154.6,1045.0,466.55796
IMG_3172.JPG,1036.1,521.0,1174.2,1063.0,559.3129
IMG_1003.JPG,1145.3,491.0,1200.5,831.0,344.43979
IMG_2522.JPG,,,,,
IMG_0335.JPG,1239.0,467.0,1276.0,1170.0,703.97234
IMG_1995.JPG,,,,,
IMG_0453.JPG,1227.4,460.0,1273.3,944.0,486.16696
IMG_2250.JPG,,,,,
IMG_1942.JPG,,,,,
IMG_1605.JPG,,,,,
IMG_1177.JPG,1160.2,490.0,1182.1,838.0,348.68479
IMG_0241.JPG,1250.4,463.0,1271.4,1220.0,757.29005
IMG_0527.JPG,1251.0,466.0,1254.0,1156.0,690.00652
IMG_2330.JPG,,,,,
IMG_2324.JPG,,,,,
IMG_2442.JPG,,,,,
IMG_2495.JPG,,,,,
IMG_0719.JPG,1216.0,453.0,1272.1,853.0,403.91907
IMG_3210.JPG,1047.6,523.0,1181.1,1094.0,586.39393
IMG_2668.JPG,,,,,
IMG_1413.JPG,,,,,
IMG_0043.JPG,1253.1,471.0,1292.5,1199.0,729.0673
IMG_2898.JPG,1029.9,523.0,1136.5,875.0,367.7733
IMG_2640.JPG,,,,,
IMG_3238.JPG,1047.5,517.0,1223.2,1140.0,647.31431
IMG_2873.JPG,1045.8,509.0,1119.2,857.0,355.65025
IMG_0094.JPG,1253.6,468.0,1273.7,1214.0,746.27138
IMG_2683.JPG,,,,,
IMG_2859.JPG,1049.4,516.0,1122.1,843.0,334.98279
IMG_2681.JPG,,,,,
IMG_1388.JPG,,,,,
IMG_0096.JPG,1253.7,469.0,1273.4,1215.0,746.2592
IMG_0914.JPG,1210.1,700.0,1197.0,806.0,106.80569
IMG_1439.JPG,,,,,
IMG_2642.JPG,,,,,
IMG_1363.JPG,,,1162.5,688.0,
IMG_3212.JPG,1046.3,521.0,1186.8,1092.0,588.0373
IMG_1411.JPG,,,,,
IMG_0069.JPG,1255.7,471.0,1275.8,1216.0,745.27105
IMG_2497.JPG,,,,,
IMG_2332.JPG,,,,,
IMG_0525.JPG,1234.0,467.0,1270.1,1155.0,688.94721
IMG_1149.JPG,1145.0,495.0,1190.5,833.0,341.04574
IMG_2326.JPG,,,,,
IMG_1607.JPG,,,,,
IMG_2468.JPG,,,,,
IMG_1175.JPG,1140.9,496.0,1191.8,835.0,342.79362
IMG_3004.JPG,1037.6,520.0,1158.0,981.0,476.44459
IMG_1798.JPG,,,,,
IMG_1968.JPG,,,,,
IMG_0337.JPG,1244.0,466.0,1264.0,1170.0,704.28388
IMG_1029.JPG,1145.0,496.0,1196.6,814.0,322.15173
IMG_2520.JPG,,,,,
IMG_2252.JPG,,,,,
IMG_1773.JPG,,,,,
IMG_3164.JPG,1037.2,524.0,1175.2,1071.0,564.14006
IMG_3170.JPG,1058.2,603.0,1171.5,1056.0,466.94171
IMG_0479.JPG,1244.0,466.0,1245.0,992.0,526.00095
IMG_2087.JPG,,,,,
IMG_2905.JPG,1042.1,516.0,1139.8,935.0,430.23381
IMG_0860.JPG,1195.0,482.0,1198.0,836.0,354.01271
IMG_0647.JPG,1231.2,446.0,1266.6,1066.0,621.01099
IMG_1559.JPG,,,,,
IMG_0121.JPG,1246.9,472.0,1285.8,1231.0,759.99692
IMG_2736.JPG,,,1095.4,703.0,
IMG_1203.JPG,1139.1,490.0,1190.0,839.0,352.68447
IMG_1202.JPG,1128.5,497.0,1207.4,862.0,373.41845
IMG_1558.JPG,,,,,
IMG_0646.JPG,1232.5,468.0,1267.5,1081.0,613.99957
IMG_2737.JPG,1043.8,518.0,1098.9,707.0,196.89073
IMG_0120.JPG,1247.1,472.0,1288.0,1229.0,758.10599
IMG_0861.JPG,1183.7,449.0,1203.8,803.0,354.57302
IMG_2904.JPG,1055.4,532.0,1131.0,895.0,370.78572
IMG_0691.JPG,1221.6,426.0,1266.5,946.0,521.93424
IMG_2086.JPG,,,,,
IMG_0478.JPG,1230.7,466.0,1285.7,1181.0,717.11136
IMG_3171.JPG,1051.3,577.0,1171.6,1054.0,491.94363
IMG_3165.JPG,1038.9,520.0,1165.5,1043.0,538.09474
IMG_1772.JPG,,,,,
IMG_2253.JPG,,,,,
IMG_2521.JPG,,,1095.4,660.0,
IMG_1028.JPG,1141.6,496.0,1198.8,812.0,321.13679
IMG_0336.JPG,1235.1,466.0,1291.9,1166.0,702.29579
IMG_1969.JPG,,,,,
IMG_1799.JPG,,,,,
IMG_1941.JPG,,,,,
IMG_2284.JPG,,,,,
IMG_1174.JPG,1133.9,496.0,1197.0,835.0,344.83008
IMG_3005.JPG,1040.9,517.0,1152.6,980.0,476.26517
IMG_1606.JPG,,,,,
IMG_2469.JPG,,,,,
IMG_1148.JPG,1150.2,493.0,1187.2,835.0,343.99438
IMG_2327.JPG,,,,,
IMG_0530.JPG,1234.1,468.0,1269.3,1156.0,688.89978
IMG_0524.JPG,1230.6,468.0,1283.3,1148.0,682.03942
IMG_0242.JPG,1254.6,464.0,1245.1,863.0,399.11351
IMG_2496.JPG,,,,,
IMG_0068.JPG,1252.8,471.0,1289.5,1232.0,761.88466
IMG_3213.JPG,1046.8,519.0,1194.3,1137.0,635.35363
IMG_2643.JPG,,,,,
IMG_2657.JPG,,,,,
IMG_1438.JPG,,,,,
IMG_0915.JPG,1165.4,493.0,1211.3,821.0,331.18881
IMG_0097.JPG,1250.1,469.0,1288.1,1210.0,741.97303
IMG_1389.JPG,,,,,
IMG_2858.JPG,1042.5,516.0,1121.2,835.0,328.57657
IMG_2874.JPG,1040.2,520.0,1123.3,849.0,339.34093
IMG_2860.JPG,1038.9,515.0,1127.3,840.0,336.8031
IMG_0911.JPG,1161.9,444.0,1208.0,802.0,360.95715
IMG_0939.JPG,1174.6,450.0,1196.0,807.0,357.64056
IMG_2690.JPG,,,,,
IMG_2684.JPG,,,,,
IMG_0093.JPG,1258.0,467.0,1259.0,1024.0,557.0009
IMG_3217.JPG,1047.5,518.0,1195.2,1113.0,613.07019
IMG_2109.JPG,,,,,
IMG_1366.JPG,,,,,
IMG_1414.JPG,,,,,
IMG_0722.JPG,1219.9,446.0,1267.4,883.0,439.5788
IMG_0044.JPG,1255.8,471.0,1286.5,1238.0,767.61436
IMG_0050.JPG,1244.2,545.0,1298.0,997.0,455.18929
IMG_2492.JPG,,,,,
IMG_0285.JPG,1246.9,462.0,1267.6,1192.0,730.29336
IMG_3001.JPG,1041.7,518.0,1150.4,977.0,471.69554
IMG_2451.JPG,,,,,
IMG_3029.JPG,1039.5,520.0,1156.8,989.0,483.43413
IMG_2323.JPG,,,,,
IMG_2445.JPG,,,,,
IMG_2280.JPG,,,,,
IMG_2519.JPG,,,1096.2,673.0,
IMG_1010.JPG,1147.7,496.0,1195.8,807.0,314.69612
IMG_1776.JPG,,,,,
IMG_3161.JPG,1039.8,517.0,1155.9,1033.0,528.8975
IMG_1004.JPG,1155.1,494.0,1193.1,836.0,344.10298
IMG_0332.JPG,1239.2,463.0,1275.3,1168.0,705.92328
IMG_1992.JPG,,,,,
IMG_0454.JPG,1227.4,461.0,1288.4,1143.0,684.72447
IMG_3149.JPG,1032.0,522.0,1180.9,1040.0,538.9833
IMG_2257.JPG,,,,,
IMG_2900.JPG,1037.7,516.0,1132.5,880.0,376.14171
IMG_0865.JPG,1167.2,444.0,1213.1,797.0,355.96488
IMG_0695.JPG,1234.7,425.0,1250.5,986.0,561.2221
IMG_2928.JPG,1060.1,601.0,1145.7,930.0,339.95005
IMG_0859.JPG,1189.8,454.0,1201.0,802.0,348.17933
IMG_3388.JPG,1090.2,513.0,1252.0,1341.0,843.6435
IMG_3363.JPG,1093.5,508.0,1244.4,1302.0,808.20049
IMG_0118.JPG,1247.7,472.0,1284.9,1226.0,754.91647
IMG_1560.JPG,,,,,
IMG_3377.JPG,1089.2,512.0,1244.9,1315.0,817.94916
IMG_2733.JPG,,,,,
IMG_2732.JPG,,,,,
IMG_0643.JPG,1228.4,468.0,1281.7,1084.0,618.30725
IMG_0119.JPG,1248.5,472.0,1280.7,1222.0,750.6924
IMG_3376.JPG,1088.5,512.0,1252.9,1338.0,842.1913
IMG_1561.JPG,,,,,
IMG_3362.JPG,1107.8,593.0,1236.8,1306.0,724.56592
IMG_2929.JPG,1038.3,517.0,1143.1,931.0,427.06181
IMG_3389.JPG,1087.9,512.0,1259.2,1330.0,835.73257
IMG_0694.JPG,1232.3,423.0,1247.2,986.0,563.19556
IMG_0864.JPG,1177.8,445.0,1207.0,802.0,358.19171
IMG_2901.JPG,1038.2,516.0,1142.4,917.0,414.30773
IMG_2256.JPG,,,,,
IMG_3148.JPG,1040.7,519.0,1152.6,1032.0,525.06379
IMG_1987.JPG,,,,,
IMG_2524.JPG,,,1096.2,674.0,
IMG_0333.JPG,1230.6,467.0,1286.3,991.0,526.94881
IMG_0455.JPG,1231.6,463.0,1269.6,1148.0,686.05547
IMG_1993.JPG,,,,,
IMG_1005.JPG,1154.7,494.0,1190.3,806.0,314.03117
IMG_1011.JPG,1147.5,495.0,1196.3,810.0,318.74561
IMG_2518.JPG,,,,,
IMG_1777.JPG,,,,,
IMG_0482.JPG,1230.2,467.0,1287.5,1174.0,709.31882
IMG_1944.JPG,,,,,
IMG_2281.JPG,,,,,
IMG_2322.JPG,,,,,
IMG_2444.JPG,,,,,
IMG_2450.JPG,,,,,
IMG_3028.JPG,1046.2,518.0,1152.5,1023.0,516.07371
IMG_3000.JPG,1038.8,520.0,1157.3,974.0,469.20623
IMG_1171.JPG,1161.6,497.0,1182.0,836.0,339.6121
IMG_0290.JPG,1232.1,465.0,1284.8,894.0,432.21568
IMG_0284.JPG,1243.7,463.0,1276.9,1187.0,724.76202
IMG_2493.JPG,,,,,
IMG_1824.JPG,,,,,
IMG_0045.JPG,1264.5,470.0,1254.8,866.0,396.11843
IMG_1415.JPG,,,,,
IMG_3216.JPG,1054.6,503.0,1143.8,989.0,494.12037
IMG_1367.JPG,,,1152.4,694.0,
IMG_0092.JPG,1265.7,467.0,1249.6,828.0,361.35729
IMG_2685.JPG,,,,,
IMG_0938.JPG,1169.5,493.0,1202.3,805.0,313.7227
IMG_2691.JPG,,,,,
IMG_2849.JPG,1039.6,515.0,1115.1,805.0,299.68859
IMG_2861.JPG,1047.9,513.0,1116.8,844.0,338.09147
IMG_0910.JPG,1163.9,491.0,1211.4,798.0,310.64662
IMG_2875.JPG,1040.8,510.0,1124.0,861.0,360.70842
IMG_0912.JPG,1151.0,451.0,1210.9,796.0,350.16062
IMG_2877.JPG,1043.3,516.0,1131.9,886.0,380.46579
IMG_2687.JPG,,,,,
IMG_2693.JPG,,,,,
IMG_1417.JPG,,,,,
IMG_1371.JPG,,,1147.3,697.0,
IMG_1365.JPG,,,1161.5,690.0,
IMG_3214.JPG,1045.5,518.0,1200.0,1140.0,640.90112
IMG_2644.JPG,,,,,
IMG_0047.JPG,1256.3,472.0,1279.4,1244.0,772.3441
IMG_0721.JPG,1223.6,444.0,1262.8,901.0,458.67496
IMG_2136.JPG,,,,,
IMG_2491.JPG,,,,,
IMG_0286.JPG,1237.7,460.0,1296.7,1189.0,731.39097
IMG_1198.JPG,1161.1,532.0,1183.1,838.0,306.79011
IMG_1173.JPG,1155.7,493.0,1184.7,835.0,343.22816
IMG_3002.JPG,1040.0,519.0,1153.0,978.0,472.69273
IMG_2308.JPG,,,,,
IMG_2446.JPG,,,,,
IMG_1629.JPG,,,,,
IMG_0523.JPG,1227.7,468.0,1280.9,1154.0,688.0581
IMG_2452.JPG,,,,,
IMG_3189.JPG,1037.8,520.0,1177.5,1067.0,564.55011
IMG_0480.JPG,1237.4,465.0,1256.9,1153.0,688.27813
IMG_2283.JPG,,,,,
IMG_1007.JPG,1148.2,488.0,1198.2,835.0,350.58942
IMG_1775.JPG,,,,,
IMG_3162.JPG,1038.5,526.0,1162.8,1031.0,520.07102
IMG_2254.JPG,,,,,
IMG_1749.JPG,,,,,
IMG_1991.JPG,,,,,
IMG_0457.JPG,1233.9,461.0,1263.3,1150.0,689.62459
IMG_0331.JPG,1239.3,466.0,1276.3,1168.0,702.97096
IMG_0866.JPG,1185.9,492.0,1203.9,804.0,312.51861
IMG_2903.JPG,1040.1,516.0,1141.3,928.0,424.25779
IMG_0696.JPG,1227.4,466.0,1255.3,959.0,493.78994
IMG_3360.JPG,1091.2,512.0,1233.8,1301.0,801.77982
IMG_0669.JPG,1229.0,420.0,1259.0,962.0,542.83091
IMG_2730.JPG,,,1088.2,686.0,
IMG_2731.JPG,,,1092.5,686.0,
IMG_0668.JPG,1219.0,430.0,1274.1,915.0,488.11666
IMG_3361.JPG,1090.0,511.0,1244.3,1304.0,807.8751
IMG_1562.JPG,,,,,
IMG_0697.JPG,1224.8,466.0,1265.0,960.0,495.63175
IMG_2902.JPG,1039.1,516.0,1141.4,920.0,416.74621
IMG_0867.JPG,1184.5,493.0,1204.2,802.0,309.62807
IMG_0456.JPG,1228.0,464.0,1282.2,1145.0,683.15341
IMG_1990.JPG,,,,,
IMG_1748.JPG,,,,,
IMG_2255.JPG,,,,,
IMG_3163.JPG,1037.7,524.0,1164.9,1036.0,527.55922
IMG_1774.JPG,,,,,
IMG_1006.JPG,1152.0,494.0,1197.4,840.0,348.95942
IMG_2282.JPG,,,,,
IMG_0481.JPG,1238.4,465.0,1256.6,1153.0,688.239
IMG_3188.JPG,1038.7,523.0,1186.0,1102.0,597.46072
IMG_2447.JPG,,,,,
IMG_3017.JPG,1039.0,519.0,1151.0,974.0,468.57548
IMG_1172.JPG,1150.0,495.0,1188.2,838.0,345.11753
IMG_3003.JPG,1039.5,520.0,1154.2,979.0,473.12637
IMG_1199.JPG,1141.4,490.0,1189.4,838.0,351.2983
IMG_0287.JPG,1234.1,462.0,1287.0,961.0,501.80324
IMG_2490.JPG,,,,,
IMG_0046.JPG,1261.0,471.0,1262.0,999.0,528.00095
IMG_2137.JPG,,,,,
IMG_0720.JPG,1218.7,449.0,1272.1,898.0,452.16735
IMG_2645.JPG,,,,,
IMG_1364.JPG,,,,,
IMG_3215.JPG,1048.5,517.0,1197.6,1144.0,644.48922
IMG_1416.JPG,,,,,
IMG_1370.JPG,,,1158.1,694.0,
IMG_2692.JPG,,,,,
IMG_2686.JPG,,,,,
IMG_2876.JPG,1039.9,516.0,1124.7,849.0,343.63715
IMG_0907.JPG,1171.9,492.0,1206.9,806.0,315.94001
IMG_0913.JPG,1212.8,706.0,1195.1,808.0,103.51804
IMG_2187.JPG,,,,,
IMG_0790.JPG,1201.6,487.0,1220.5,835.0,348.50974
IMG_2805.JPG,1060.8,516.0,1098.7,787.0,273.6381
IMG_2811.JPG,1058.2,521.0,1128.8,784.0,272.30747
IMG_0960.JPG,,,,,
IMG_0021.JPG,1247.9,555.0,1300.9,995.0,443.18055
IMG_2636.JPG,,,,,
IMG_1459.JPG,,,,,
IMG_3266.JPG,1093.5,599.0,1217.0,1196.0,609.62681
IMG_1317.JPG,1132.7,494.0,1179.3,774.0,283.86062
IMG_1465.JPG,,,,,
IMG_1868.JPG,,,,,
IMG_1129.JPG,1156.2,495.0,1185.7,839.0,345.25882
IMG_0237.JPG,1246.5,464.0,1266.9,1222.0,758.27531
IMG_2420.JPG,,,,,
IMG_2346.JPG,,,,,
IMG_0551.JPG,1231.7,468.0,1267.9,1123.0,656.00016
IMG_2352.JPG,,,,,
IMG_3070.JPG,1040.1,516.0,1167.2,1050.0,548.9215
IMG_1101.JPG,1147.1,493.0,1189.8,858.0,367.48987
IMG_0380.JPG,1236.6,463.0,1274.9,1172.0,710.03582
IMG_1920.JPG,,,,,
IMG_2232.JPG,,,,,
IMG_0431.JPG,1232.4,467.0,1267.7,1139.0,672.92947
IMG_3138.JPG,1037.9,531.0,1158.1,1014.0,497.73365
IMG_2226.JPG,,,,,
IMG_2540.JPG,1057.4,508.0,1106.7,712.0,209.87526
IMG_0357.JPG,1244.4,463.0,1264.1,1170.0,707.27371
IMG_2568.JPG,,,1117.7,739.0,
IMG_1707.JPG,,,,,
IMG_1075.JPG,1157.8,494.0,1187.3,824.0,331.317
IMG_2781.JPG,1054.3,516.0,1109.6,776.0,265.82053
IMG_2971.JPG,1040.9,520.0,1144.3,939.0,431.56336
IMG_0814.JPG,1172.7,460.0,1217.1,787.0,330.00382
IMG_2756.JPG,1050.6,514.0,1094.0,741.0,231.11215
IMG_0141.JPG,1253.4,468.0,1275.3,1242.0,774.30933
IMG_3312.JPG,1085.2,512.0,1229.2,1226.0,728.39115
IMG_0169.JPG,1251.3,466.0,1272.2,1242.0,776.28121
IMG_1511.JPG,,,1173.7,658.0,
IMG_3306.JPG,1088.9,519.0,1250.0,1360.0,856.29532
IMG_0168.JPG,1247.4,466.0,1285.4,1233.0,767.94143
IMG_3307.JPG,1082.4,519.0,1230.7,1223.0,719.43807
IMG_1510.JPG,,,,,
IMG_3313.JPG,1085.4,513.0,1229.3,1228.0,729.32419
IMG_0626.JPG,1229.1,469.0,1282.4,1120.0,653.17611
IMG_0140.JPG,1251.3,467.0,1272.2,1241.0,774.28055
IMG_2757.JPG,1093.0,612.0,1100.0,743.0,131.18689
IMG_0815.JPG,1172.3,458.0,1216.5,785.0,329.97212
IMG_2970.JPG,1042.2,512.0,1139.6,958.0,456.51613
IMG_2780.JPG,1060.1,512.0,1112.1,792.0,284.78978
IMG_2569.JPG,1055.4,515.0,1109.1,741.0,232.30489
IMG_1706.JPG,,,,,
IMG_2227.JPG,,,,,
IMG_3139.JPG,1035.8,524.0,1164.5,1013.0,505.65161
IMG_0430.JPG,1233.0,467.0,1268.2,1138.0,671.92352
IMG_0356.JPG,1237.9,463.0,1277.3,1173.0,711.09202
IMG_2541.JPG,1060.0,512.0,1106.4,714.0,207.27098
IMG_2233.JPG,,,,,
IMG_0381.JPG,1230.9,464.0,1288.3,1159.0,697.36097
IMG_2596.JPG,,,1095.0,677.0,
IMG_1921.JPG,,,,,
IMG_0578.JPG,1228.4,469.0,1280.1,1120.0,653.05506
IMG_3071.JPG,1046.7,517.0,1145.2,1024.0,516.48964
IMG_1100.JPG,1143.5,495.0,1194.9,858.0,366.62445
IMG_3065.JPG,1039.0,519.0,1156.4,996.0,491.22033
IMG_2353.JPG,,,,,
IMG_2421.JPG,,,,,
IMG_0236.JPG,1243.2,465.0,1282.3,1225.0,761.00178
IMG_1128.JPG,1164.4,509.0,1183.7,833.0,324.56921
IMG_0550.JPG,1231.9,469.0,1267.3,1124.0,655.95696
IMG_1896.JPG,,,,,
IMG_2347.JPG,,,,,
IMG_1869.JPG,,,,,
IMG_1699.JPG,,,,,
IMG_1464.JPG,,,,,
IMG_2179.JPG,,,,,
IMG_3267.JPG,1095.9,595.0,1216.5,1196.0,612.98535
IMG_1316.JPG,1131.0,490.0,1181.2,785.0,299.23342
IMG_2637.JPG,,,,,
IMG_0020.JPG,1245.8,571.0,1295.1,899.0,331.67689
IMG_0746.JPG,1207.7,473.0,1245.9,932.0,460.58737
IMG_2810.JPG,1049.6,521.0,1109.3,788.0,273.58599
IMG_2804.JPG,1054.1,515.0,1118.6,820.0,311.75651
IMG_0791.JPG,1196.5,487.0,1224.2,835.0,349.10574
IMG_2186.JPG,,,,,
IMG_0787.JPG,1215.4,477.0,1209.0,807.0,330.06322
IMG_2184.JPG,,,,,
IMG_0793.JPG,1196.5,487.0,1224.3,836.0,350.10868
IMG_2812.JPG,1108.7,694.0,1107.4,789.0,95.00934
IMG_2806.JPG,1061.9,518.0,1101.6,790.0,274.88597
IMG_0744.JPG,1212.0,471.0,1236.8,910.0,439.69649
IMG_0022.JPG,1249.3,472.0,1303.0,1092.0,622.3228
IMG_2635.JPG,,,,,
IMG_3259.JPG,1071.1,514.0,1213.1,1176.0,677.05153
IMG_1466.JPG,,,,,
IMG_2609.JPG,,,,,
IMG_3265.JPG,1076.0,515.0,1216.7,1193.0,692.44707
IMG_3098.JPG,1041.1,520.0,1157.7,1006.0,499.81231
IMG_1658.JPG,,,,,
IMG_2351.JPG,,,,,
IMG_1894.JPG,,,,,
IMG_0552.JPG,1231.4,468.0,1265.9,1123.0,655.90596
IMG_2423.JPG,,,,,
IMG_1102.JPG,1147.1,493.0,1189.8,858.0,367.48987
IMG_3073.JPG,1035.8,517.0,1160.9,996.0,495.05751
IMG_2379.JPG,,,,,
IMG_3067.JPG,1045.6,517.0,1157.7,1011.0,506.56805
IMG_2594.JPG,1058.0,515.0,1106.6,720.0,210.67028
IMG_0383.JPG,1236.7,465.0,1274.9,1171.0,707.03148
IMG_2543.JPG,1059.4,513.0,1107.5,717.0,209.5866
IMG_0432.JPG,1232.4,463.0,1270.8,1139.0,677.09306
IMG_2231.JPG,,,,,
IMG_1076.JPG,1147.1,495.0,1190.3,824.0,331.82026
IMG_1704.JPG,,,,,
IMG_3113.JPG,1040.2,519.0,1156.1,1017.0,511.3084
IMG_2782.JPG,1073.4,607.0,1117.4,812.0,209.66751
IMG_0817.JPG,1164.6,470.0,1217.1,782.0,316.382
IMG_2972.JPG,1037.9,521.0,1149.3,948.0,441.28687
IMG_3339.JPG,1091.2,510.0,1231.7,1267.0,769.91764
IMG_1248.JPG,1147.2,493.0,1185.6,839.0,348.1254
IMG_2999.JPG,1040.2,520.0,1154.5,973.0,467.1834
IMG_2741.JPG,1046.5,515.0,1099.9,718.0,209.91245
IMG_2755.JPG,1043.2,516.0,1106.8,739.0,231.87696
IMG_0142.JPG,1244.3,468.0,1289.2,1231.0,764.31944
IMG_0624.JPG,1232.7,468.0,1269.1,1126.0,659.00465
IMG_1512.JPG,,,,,
IMG_3305.JPG,1081.3,515.0,1225.3,1212.0,711.70799
IMG_1274.JPG,1140.4,493.0,1182.4,829.0,338.61483
IMG_3311.JPG,1085.7,516.0,1229.6,1222.0,720.5194
IMG_1507.JPG,,,,,
IMG_0619.JPG,1229.0,468.0,1281.9,1114.0,648.15889
IMG_3310.JPG,1081.5,516.0,1230.6,1217.0,716.69149
IMG_3304.JPG,1080.8,514.0,1227.2,1214.0,715.14497
IMG_1513.JPG,,,1174.5,661.0,
IMG_1275.JPG,1149.2,493.0,1175.4,829.0,337.01882
IMG_0143.JPG,1247.1,466.0,1284.7,1233.0,767.9222
IMG_2754.JPG,1046.5,515.0,1104.4,739.0,231.37507
IMG_0625.JPG,1227.3,469.0,1280.1,1120.0,653.13517
IMG_3338.JPG,1095.1,566.0,1194.3,972.0,417.93117
IMG_2740.JPG,1047.5,515.0,1099.1,715.0,206.55804
IMG_2998.JPG,1037.6,520.0,1155.1,970.0,465.07003
IMG_1249.JPG,1140.0,494.0,1185.2,839.0,347.95111
IMG_2973.JPG,1039.2,522.0,1145.4,940.0,431.2805
IMG_0816.JPG,1195.2,460.0,1205.4,787.0,327.15848
IMG_0194.JPG,1249.2,467.0,1269.3,1230.0,763.26512
IMG_2783.JPG,1075.3,599.0,1108.1,775.0,179.03149
IMG_1705.JPG,,,,,
IMG_1077.JPG,1146.1,487.0,1190.3,824.0,339.88567
IMG_0427.JPG,1233.0,467.0,1267.4,1139.0,672.87767
IMG_2230.JPG,,,,,
IMG_0355.JPG,1244.8,463.0,1266.0,1171.0,708.31805
IMG_2542.JPG,1064.1,512.0,1105.7,715.0,207.21894
IMG_0433.JPG,1234.0,466.0,1269.2,1141.0,675.91664
IMG_0382.JPG,1236.7,465.0,1274.6,1166.0,702.02413
IMG_2595.JPG,1057.8,514.0,1103.0,705.0,196.283
IMG_3066.JPG,1037.4,519.0,1162.4,998.0,495.05751
IMG_2378.JPG,,,,,
IMG_1103.JPG,1143.9,491.0,1190.9,829.0,341.24559
IMG_3072.JPG,1040.0,513.0,1162.6,993.0,495.41539
IMG_0553.JPG,1228.1,469.0,1281.6,1123.0,656.18652
IMG_1895.JPG,,,,,
IMG_2422.JPG,,,,,
IMG_2350.JPG,,,,,
IMG_1659.JPG,,,,,
IMG_0547.JPG,1225.6,469.0,1283.0,1049.0,582.84067
IMG_3099.JPG,1038.1,521.0,1164.0,1012.0,506.89033
IMG_1315.JPG,1135.1,490.0,1182.1,796.0,309.58988
IMG_3264.JPG,1088.1,571.0,1219.9,1187.0,629.94512
IMG_2620.JPG,,,,,
IMG_3258.JPG,1072.1,518.0,1223.1,1235.0,732.7228
IMG_0745.JPG,1205.7,468.0,1242.2,906.0,439.51953
IMG_2634.JPG,,,,,
IMG_0023.JPG,1256.6,472.0,1287.0,1208.0,736.62608
IMG_2807.JPG,1061.1,518.0,1108.1,789.0,275.03636
IMG_2813.JPG,1111.3,703.0,1114.2,787.0,84.04919
IMG_0792.JPG,1201.8,487.0,1220.4,837.0,350.48936
IMG_2185.JPG,,,,,
IMG_2803.JPG,1063.9,506.0,1109.6,784.0,281.73214
IMG_2181.JPG,,,,,
IMG_1488.JPG,,,1164.3,652.0,
IMG_1463.JPG,,,,,
IMG_3260.JPG,1072.1,515.0,1213.6,1176.0,675.98472
IMG_0769.JPG,1201.0,485.0,1228.8,838.0,354.09914
IMG_2618.JPG,,,,,
IMG_1339.JPG,,,,,
IMG_0741.JPG,1222.0,471.0,1224.0,799.0,328.0061
IMG_3089.JPG,1037.5,520.0,1158.0,1002.0,496.83423
IMG_2397.JPG,,,,,
IMG_1846.JPG,,,,,
IMG_3076.JPG,1044.8,514.0,1149.4,1006.0,502.99597
IMG_1107.JPG,1142.9,491.0,1189.7,828.0,340.23598
IMG_1675.JPG,,,,,
IMG_2354.JPG,,,,,
IMG_2426.JPG,,,,,
IMG_2585.JPG,1104.7,631.0,1105.4,766.0,135.00182
IMG_2591.JPG,1062.3,515.0,1108.6,736.0,225.80296
IMG_0386.JPG,1236.8,467.0,1276.5,1201.0,735.07234
IMG_0379.JPG,1237.6,462.0,1273.8,1166.0,704.93174
IMG_1701.JPG,,,,,
IMG_3116.JPG,1044.1,520.0,1158.9,1051.0,543.26007
IMG_2208.JPG,,,,,
IMG_1729.JPG,,,,,
IMG_2546.JPG,,,1110.9,724.0,
IMG_2234.JPG,,,,,
IMG_0812.JPG,1189.3,489.0,1214.6,797.0,309.03934
IMG_2977.JPG,1048.9,517.0,1141.7,953.0,445.76803
IMG_2787.JPG,1056.4,517.0,1109.1,780.0,268.24007
IMG_0190.JPG,1253.0,466.0,1254.0,991.0,525.00095
IMG_2778.JPG,1051.6,508.0,1108.8,775.0,273.0626
IMG_1271.JPG,1146.8,493.0,1183.3,830.0,338.97697
IMG_3314.JPG,1099.2,587.0,1186.6,1007.0,429.00476
IMG_0621.JPG,1232.7,468.0,1269.1,1126.0,659.00465
IMG_3328.JPG,1084.9,512.0,1237.2,1240.0,743.75897
IMG_3329.JPG,1090.3,512.0,1221.2,1236.0,735.74167
IMG_0620.JPG,1229.0,468.0,1282.0,1116.0,650.16583
IMG_0146.JPG,1248.2,468.0,1282.3,1268.0,800.72528
IMG_3315.JPG,1103.5,597.0,1225.2,1235.0,649.50631
IMG_1270.JPG,1139.6,491.0,1184.1,830.0,341.90202
IMG_2779.JPG,1045.0,513.0,1127.1,762.0,262.16874
IMG_0191.JPG,1256.4,465.0,1247.9,883.0,418.08558
IMG_2786.JPG,1054.5,517.0,1109.2,779.0,267.65592
IMG_2976.JPG,1039.1,518.0,1154.1,970.0,466.3807
IMG_0813.JPG,1176.4,487.0,1217.2,788.0,303.75428
IMG_2235.JPG,,,,,
IMG_1728.JPG,,,,,
IMG_2547.JPG,,,1116.1,755.0,
IMG_2209.JPG,,,,,
IMG_3117.JPG,1038.4,517.0,1165.6,1021.0,519.79277
IMG_1700.JPG,,,,,
IMG_1099.JPG,1161.1,491.0,1186.0,858.0,367.84829
IMG_2590.JPG,1058.3,516.0,1097.8,744.0,231.40027
IMG_2427.JPG,,,,,
IMG_2355.JPG,,,,,
IMG_3077.JPG,1040.1,514.0,1161.3,1035.0,534.91305
IMG_0218.JPG,1251.0,464.0,1252.0,1000.0,536.00093
IMG_1106.JPG,1151.8,485.0,1189.6,856.0,372.91879
IMG_0595.JPG,1232.2,468.0,1270.8,1124.0,657.13446
IMG_1847.JPG,,,,,
IMG_2396.JPG,,,,,
IMG_0026.JPG,1255.6,471.0,1291.3,1230.0,759.84246
IMG_0740.JPG,1220.7,567.0,1244.2,898.0,331.83674
IMG_2157.JPG,,,,,
IMG_0768.JPG,1200.6,485.0,1232.5,866.0,382.3317
IMG_3261.JPG,1073.4,515.0,1213.7,1178.0,677.67255
IMG_2619.JPG,,,,,
IMG_1462.JPG,,,,,
IMG_1489.JPG,,,1171.0,683.0,
IMG_2180.JPG,,,,,
IMG_2802.JPG,1046.2,516.0,1113.2,787.0,279.14232
IMG_2182.JPG,,,,,
IMG_0959.JPG,,,,,
IMG_3288.JPG,1081.3,514.0,1223.5,1211.0,711.35861
IMG_2828.JPG,1084.9,584.0,1113.4,803.0,220.85263
IMG_3263.JPG,1075.8,513.0,1217.4,1195.0,696.54671
IMG_1460.JPG,,,,,
IMG_0742.JPG,1208.1,466.0,1244.4,901.0,436.50863
IMG_0024.JPG,1256.4,472.0,1292.9,1225.0,753.88788
IMG_2633.JPG,,,,,
IMG_0597.JPG,1237.1,467.0,1256.5,1127.0,660.28553
IMG_2380.JPG,,,,,
IMG_2394.JPG,,,,,
IMG_1845.JPG,,,,,
IMG_1676.JPG,,,,,
IMG_2419.JPG,,,,,
IMG_1104.JPG,1142.9,495.0,1195.7,858.0,366.82666
IMG_3075.JPG,1042.8,517.0,1153.2,1003.0,498.36811
IMG_0554.JPG,1231.7,469.0,1267.0,1123.0,654.95333
IMG_2425.JPG,,,,,
IMG_3049.JPG,1040.8,522.0,1158.1,999.0,491.22033
IMG_1919.JPG,,,,,
IMG_2592.JPG,1062.5,516.0,1108.8,737.0,225.80296
IMG_0385.JPG,1237.0,467.0,1274.0,1170.0,703.97234
IMG_2586.JPG,1076.1,511.0,1112.0,761.0,252.56411
IMG_1702.JPG,,,,,
IMG_3115.JPG,1060.5,605.0,1159.3,1005.0,412.01553
IMG_3101.JPG,1036.8,520.0,1161.2,1005.0,500.69615
IMG_0408.JPG,1238.1,465.0,1258.1,1130.0,665.30056
IMG_1058.JPG,1139.8,497.0,1198.1,819.0,327.23771
IMG_2545.JPG,,,1109.7,722.0,
IMG_0434.JPG,,,,,
IMG_2974.JPG,1035.4,517.0,1151.3,942.0,440.51576
IMG_0811.JPG,1198.7,486.0,1209.8,796.0,310.20122
IMG_1299.JPG,1136.8,490.0,1182.9,822.0,335.18794
IMG_2948.JPG,1039.8,522.0,1151.8,977.0,468.57554
IMG_0839.JPG,1171.8,544.0,1194.6,797.0,254.02233
IMG_2784.JPG,1060.4,514.0,1109.3,776.0,266.51704
IMG_0193.JPG,1248.6,466.0,1268.8,1230.0,764.26482
IMG_3317.JPG,1089.4,512.0,1222.4,1234.0,734.14701
IMG_1514.JPG,,,,,
IMG_1272.JPG,1152.9,493.0,1180.6,831.0,339.13451
IMG_2753.JPG,,,1109.2,738.0,
IMG_0144.JPG,1246.2,468.0,1288.4,1270.0,803.10524
IMG_0622.JPG,1232.9,468.0,1268.4,1126.0,658.9613
IMG_0145.JPG,1246.3,469.0,1286.5,1233.0,765.05534
IMG_0623.JPG,1229.0,468.0,1282.4,1121.0,655.18305
IMG_1515.JPG,,,1174.1,660.0,
IMG_1273.JPG,1144.7,495.0,1179.7,828.0,334.8386
IMG_1267.JPG,1138.8,489.0,1184.7,830.0,344.0716
IMG_3316.JPG,1088.2,512.0,1227.0,1233.0,734.25531
IMG_0192.JPG,1250.1,466.0,1270.3,1230.0,764.26542
IMG_2785.JPG,1063.9,511.0,1108.7,776.0,268.75371
IMG_2949.JPG,1039.3,522.0,1156.2,966.0,459.11903
IMG_1298.JPG,1129.5,490.0,1189.1,819.0,334.35545
IMG_0838.JPG,1163.8,459.0,1217.7,788.0,333.37334
IMG_2975.JPG,1039.8,520.0,1146.5,945.0,438.19467
IMG_2544.JPG,1064.4,512.0,1107.0,720.0,212.31604
IMG_2236.JPG,,,,,
IMG_1059.JPG,1157.4,495.0,1188.8,826.0,332.48275
IMG_0409.JPG,1242.0,466.0,1243.0,993.0,527.00095
IMG_3100.JPG,1036.4,519.0,1162.5,1002.0,499.19371
IMG_3114.JPG,1040.3,527.0,1156.1,1007.0,493.75222
IMG_1703.JPG,,,,,
IMG_2587.JPG,1077.2,514.0,1110.0,747.0,235.30651
IMG_0384.JPG,1231.2,468.0,1287.9,1154.0,688.33147
IMG_2593.JPG,1057.8,514.0,1109.9,734.0,226.08515
IMG_1918.JPG,,,,,
IMG_3048.JPG,1044.0,521.0,1159.6,1035.0,526.84773
IMG_2356.JPG,,,,,
IMG_1893.JPG,,,,,
IMG_0555.JPG,1228.0,468.0,1280.6,1111.0,645.14848
IMG_2424.JPG,,,,,
IMG_1105.JPG,1141.5,497.0,1193.5,829.0,336.05788
IMG_3074.JPG,1038.3,516.0,1156.9,998.0,496.36688
IMG_1677.JPG,,,,,
IMG_2418.JPG,,,,,
IMG_2395.JPG,,,,,
IMG_1850.JPG,,,,,
IMG_0596.JPG,1232.0,469.0,1267.0,1124.0,655.93567
IMG_0743.JPG,1208.4,466.0,1244.1,905.0,440.4468
IMG_0025.JPG,1255.2,473.0,1295.6,1229.0,757.07482
IMG_1461.JPG,,,,,
IMG_0019.JPG,1250.2,472.0,1305.0,1142.0,672.24213
IMG_3262.JPG,1070.0,514.0,1217.1,1181.0,683.01765
IMG_3289.JPG,1080.8,516.0,1227.7,1209.0,708.40357
IMG_2829.JPG,1051.8,523.0,1121.6,823.0,308.02878
IMG_0794.JPG,1200.8,487.0,1219.4,838.0,351.49061
IMG_2183.JPG,,,,,
IMG_2801.JPG,1059.3,513.0,1109.2,781.0,272.60791
