filename,date&time,labeled length (pixels),automated length (pixels),difference in measurement (pixels)
IMG_0001.JPG,03-Dec-2020 14:00:00,1,,
IMG_0002.JPG,03-Dec-2020 15:00:00,727,766.33139,-39.3
IMG_0019.JPG,04-Dec-2020 08:00:00,727,672.24213,54.8
IMG_0020.JPG,04-Dec-2020 09:00:00,725,331.67689,393.3
IMG_0021.JPG,04-Dec-2020 10:00:00,656,443.18055,212.8
IMG_0022.JPG,04-Dec-2020 11:00:00,654,622.3228,31.7
IMG_0023.JPG,04-Dec-2020 12:00:00,654,736.62608,-82.6
IMG_0024.JPG,04-Dec-2020 13:00:00,656,753.88788,-97.9
IMG_0025.JPG,04-Dec-2020 14:00:00,654,757.07482,-103.1
IMG_0026.JPG,04-Dec-2020 15:00:00,656,759.84246,-103.8
IMG_0043.JPG,05-Dec-2020 08:00:00,658,729.0673,-71.1
IMG_0044.JPG,05-Dec-2020 09:00:00,658,767.61436,-109.6
IMG_0045.JPG,05-Dec-2020 10:00:00,660,396.11843,263.9
IMG_0046.JPG,05-Dec-2020 11:00:00,660,528.00095,132.0
IMG_0047.JPG,05-Dec-2020 12:00:00,658,772.3441,-114.3
IMG_0048.JPG,05-Dec-2020 13:00:00,656,775.29999,-119.3
IMG_0049.JPG,05-Dec-2020 14:00:00,660,772.3441,-112.3
IMG_0050.JPG,05-Dec-2020 15:00:00,658,455.18929,202.8
IMG_0067.JPG,06-Dec-2020 08:00:00,660,727.1634,-67.2
IMG_0068.JPG,06-Dec-2020 09:00:00,658,761.88466,-103.9
IMG_0069.JPG,06-Dec-2020 10:00:00,656,745.27105,-89.3
IMG_0070.JPG,06-Dec-2020 11:00:00,662,745.28589,-83.3
IMG_0071.JPG,06-Dec-2020 12:00:00,658,599.00334,59.0
IMG_0072.JPG,06-Dec-2020 13:00:00,660,562.00089,98.0
IMG_0073.JPG,06-Dec-2020 14:00:00,662,731.07038,-69.1
IMG_0074.JPG,06-Dec-2020 15:00:00,664,761.11662,-97.1
IMG_0092.JPG,07-Dec-2020 09:00:00,660,361.35729,298.6
IMG_0093.JPG,07-Dec-2020 10:00:00,660,557.0009,103.0
IMG_0094.JPG,07-Dec-2020 11:00:00,660,746.27138,-86.3
IMG_0095.JPG,07-Dec-2020 12:00:00,660,746.28624,-86.3
IMG_0096.JPG,07-Dec-2020 13:00:00,660,746.2592,-86.3
IMG_0097.JPG,07-Dec-2020 14:00:00,658,741.97303,-84.0
IMG_0098.JPG,07-Dec-2020 15:00:00,666,731.96014,-66.0
IMG_0115.JPG,08-Dec-2020 08:00:00,670,750.98547,-81.0
IMG_0116.JPG,08-Dec-2020 09:00:00,668,752.45492,-84.5
IMG_0117.JPG,08-Dec-2020 10:00:00,668,754.26199,-86.3
IMG_0118.JPG,08-Dec-2020 11:00:00,668,754.91647,-86.9
IMG_0119.JPG,08-Dec-2020 12:00:00,672,750.6924,-78.7
IMG_0120.JPG,08-Dec-2020 13:00:00,676,758.10599,-82.1
IMG_0121.JPG,08-Dec-2020 14:00:00,680,759.99692,-80.0
IMG_0122.JPG,08-Dec-2020 15:00:00,680,760.99929,-81.0
IMG_0139.JPG,09-Dec-2020 08:00:00,690,768.69625,-78.7
IMG_0140.JPG,09-Dec-2020 09:00:00,690,774.28055,-84.3
IMG_0141.JPG,09-Dec-2020 10:00:00,692,774.30933,-82.3
IMG_0142.JPG,09-Dec-2020 11:00:00,690,764.31944,-74.3
IMG_0143.JPG,09-Dec-2020 12:00:00,690,767.9222,-77.9
IMG_0144.JPG,09-Dec-2020 13:00:00,688,803.10524,-115.1
IMG_0145.JPG,09-Dec-2020 14:00:00,690,765.05534,-75.1
IMG_0146.JPG,09-Dec-2020 15:00:00,686,800.72528,-114.7
IMG_0163.JPG,10-Dec-2020 08:00:00,688,715.33842,-27.3
IMG_0164.JPG,10-Dec-2020 09:00:00,690,757.2729,-67.3
IMG_0165.JPG,10-Dec-2020 10:00:00,688,529.66232,158.3
IMG_0166.JPG,10-Dec-2020 11:00:00,692,767.11914,-75.1
IMG_0167.JPG,10-Dec-2020 12:00:00,692,773.06778,-81.1
IMG_0168.JPG,10-Dec-2020 13:00:00,690,767.94143,-77.9
IMG_0169.JPG,10-Dec-2020 14:00:00,690,776.28121,-86.3
IMG_0170.JPG,10-Dec-2020 15:00:00,690,756.26979,-66.3
IMG_0188.JPG,11-Dec-2020 09:00:00,694,768.27858,-74.3
IMG_0189.JPG,11-Dec-2020 10:00:00,688,420.08107,267.9
IMG_0190.JPG,11-Dec-2020 11:00:00,686,525.00095,161.0
IMG_0191.JPG,11-Dec-2020 12:00:00,684,418.08558,265.9
IMG_0192.JPG,11-Dec-2020 13:00:00,686,764.26542,-78.3
IMG_0193.JPG,11-Dec-2020 14:00:00,686,764.26482,-78.3
IMG_0194.JPG,11-Dec-2020 15:00:00,686,763.26512,-77.3
IMG_0211.JPG,12-Dec-2020 08:00:00,684,524.00382,160.0
IMG_0212.JPG,12-Dec-2020 09:00:00,684,765.76294,-81.8
IMG_0213.JPG,12-Dec-2020 10:00:00,684,528.0,156.0
IMG_0214.JPG,12-Dec-2020 11:00:00,686,523.00096,163.0
IMG_0215.JPG,12-Dec-2020 12:00:00,686,390.11041,295.9
IMG_0216.JPG,12-Dec-2020 13:00:00,684,381.10086,302.9
IMG_0217.JPG,12-Dec-2020 14:00:00,684,523.00096,161.0
IMG_0218.JPG,12-Dec-2020 15:00:00,686,536.00093,150.0
IMG_0236.JPG,13-Dec-2020 09:00:00,682,761.00178,-79.0
IMG_0237.JPG,13-Dec-2020 10:00:00,682,758.27531,-76.3
IMG_0238.JPG,13-Dec-2020 11:00:00,682,762.79777,-80.8
IMG_0239.JPG,13-Dec-2020 12:00:00,684,758.26338,-74.3
IMG_0240.JPG,13-Dec-2020 13:00:00,680,755.27432,-75.3
IMG_0241.JPG,13-Dec-2020 14:00:00,680,757.29005,-77.3
IMG_0242.JPG,13-Dec-2020 15:00:00,684,399.11351,284.9
IMG_0259.JPG,14-Dec-2020 08:00:00,678,755.97917,-78.0
IMG_0260.JPG,14-Dec-2020 09:00:00,678,752.2613,-74.3
IMG_0261.JPG,14-Dec-2020 10:00:00,680,740.478,-60.5
IMG_0262.JPG,14-Dec-2020 11:00:00,678,756.10307,-78.1
IMG_0263.JPG,14-Dec-2020 12:00:00,680,753.26164,-73.3
IMG_0264.JPG,14-Dec-2020 13:00:00,678,561.0,117.0
IMG_0265.JPG,14-Dec-2020 14:00:00,680,575.00087,105.0
IMG_0266.JPG,14-Dec-2020 15:00:00,680,544.00092,136.0
IMG_0284.JPG,15-Dec-2020 09:00:00,650,724.76202,-74.8
IMG_0285.JPG,15-Dec-2020 10:00:00,646,730.29336,-84.3
IMG_0286.JPG,15-Dec-2020 11:00:00,648,731.39097,-83.4
IMG_0287.JPG,15-Dec-2020 12:00:00,644,501.80324,142.2
IMG_0288.JPG,15-Dec-2020 13:00:00,646,721.35818,-75.4
IMG_0289.JPG,15-Dec-2020 14:00:00,639,584.46425,54.5
IMG_0290.JPG,15-Dec-2020 15:00:00,639,432.21568,206.8
IMG_0307.JPG,16-Dec-2020 08:00:00,646,733.16278,-87.2
IMG_0308.JPG,16-Dec-2020 09:00:00,646,739.13286,-93.1
IMG_0309.JPG,16-Dec-2020 10:00:00,646,727.27959,-81.3
IMG_0310.JPG,16-Dec-2020 11:00:00,646,729.26581,-83.3
IMG_0311.JPG,16-Dec-2020 12:00:00,646,720.10511,-74.1
IMG_0312.JPG,16-Dec-2020 13:00:00,646,710.0007,-64.0
IMG_0313.JPG,16-Dec-2020 14:00:00,650,716.39463,-66.4
IMG_0314.JPG,16-Dec-2020 15:00:00,648,723.05481,-75.1
IMG_0331.JPG,17-Dec-2020 08:00:00,631,702.97096,-72.0
IMG_0332.JPG,17-Dec-2020 09:00:00,631,705.92328,-74.9
IMG_0333.JPG,17-Dec-2020 10:00:00,633,526.94881,106.1
IMG_0334.JPG,17-Dec-2020 11:00:00,635,704.28537,-69.3
IMG_0335.JPG,17-Dec-2020 12:00:00,631,703.97234,-73.0
IMG_0336.JPG,17-Dec-2020 13:00:00,635,702.29579,-67.3
IMG_0337.JPG,17-Dec-2020 14:00:00,633,704.28388,-71.3
IMG_0338.JPG,17-Dec-2020 15:00:00,635,503.92144,131.1
IMG_0355.JPG,18-Dec-2020 08:00:00,633,708.31805,-75.3
IMG_0356.JPG,18-Dec-2020 09:00:00,635,711.09202,-76.1
IMG_0357.JPG,18-Dec-2020 10:00:00,635,707.27371,-72.3
IMG_0358.JPG,18-Dec-2020 11:00:00,635,710.03389,-75.0
IMG_0359.JPG,18-Dec-2020 12:00:00,637,707.36353,-70.4
IMG_0360.JPG,18-Dec-2020 13:00:00,635,715.28792,-80.3
IMG_0361.JPG,18-Dec-2020 14:00:00,635,707.03342,-72.0
IMG_0362.JPG,18-Dec-2020 15:00:00,633,706.08472,-73.1
IMG_0379.JPG,19-Dec-2020 08:00:00,627,704.93174,-77.9
IMG_0380.JPG,19-Dec-2020 09:00:00,627,710.03582,-83.0
IMG_0381.JPG,19-Dec-2020 10:00:00,629,697.36097,-68.4
IMG_0382.JPG,19-Dec-2020 11:00:00,629,702.02413,-73.0
IMG_0383.JPG,19-Dec-2020 12:00:00,629,707.03148,-78.0
IMG_0384.JPG,19-Dec-2020 13:00:00,629,688.33147,-59.3
IMG_0385.JPG,19-Dec-2020 14:00:00,631,703.97234,-73.0
IMG_0386.JPG,19-Dec-2020 15:00:00,629,735.07234,-106.1
IMG_0403.JPG,20-Dec-2020 08:00:00,591,,
IMG_0404.JPG,20-Dec-2020 09:00:00,595,334.0015,261.0
IMG_0405.JPG,20-Dec-2020 10:00:00,597,369.0,228.0
IMG_0406.JPG,20-Dec-2020 11:00:00,595,255.9903,339.0
IMG_0407.JPG,20-Dec-2020 12:00:00,597,675.29202,-78.3
IMG_0408.JPG,20-Dec-2020 13:00:00,599,665.30056,-66.3
IMG_0409.JPG,20-Dec-2020 14:00:00,597,527.00095,70.0
IMG_0410.JPG,20-Dec-2020 15:00:00,597,667.30137,-70.3
IMG_0427.JPG,21-Dec-2020 08:00:00,599,672.87767,-73.9
IMG_0428.JPG,21-Dec-2020 09:00:00,601,672.98802,-72.0
IMG_0429.JPG,21-Dec-2020 10:00:00,601,671.96773,-71.0
IMG_0430.JPG,21-Dec-2020 11:00:00,603,671.92352,-68.9
IMG_0431.JPG,21-Dec-2020 12:00:00,601,672.92947,-71.9
IMG_0432.JPG,21-Dec-2020 13:00:00,603,677.09306,-74.1
IMG_0433.JPG,21-Dec-2020 14:00:00,605,675.91664,-70.9
IMG_0434.JPG,21-Dec-2020 15:00:00,607,,
IMG_0452.JPG,22-Dec-2020 09:00:00,613,688.42457,-75.4
IMG_0453.JPG,22-Dec-2020 10:00:00,615,486.16696,128.8
IMG_0454.JPG,22-Dec-2020 11:00:00,617,684.72447,-67.7
IMG_0455.JPG,22-Dec-2020 12:00:00,617,686.05547,-69.1
IMG_0456.JPG,22-Dec-2020 13:00:00,621,683.15341,-62.2
IMG_0457.JPG,22-Dec-2020 14:00:00,619,689.62459,-70.6
IMG_0458.JPG,22-Dec-2020 15:00:00,617,689.09287,-72.1
IMG_0475.JPG,23-Dec-2020 08:00:00,617,531.07872,85.9
IMG_0476.JPG,23-Dec-2020 09:00:00,619,640.00078,-21.0
IMG_0477.JPG,23-Dec-2020 10:00:00,619,688.25239,-69.3
IMG_0478.JPG,23-Dec-2020 11:00:00,617,717.11136,-100.1
IMG_0479.JPG,23-Dec-2020 12:00:00,621,526.00095,95.0
IMG_0480.JPG,23-Dec-2020 13:00:00,621,688.27813,-67.3
IMG_0481.JPG,23-Dec-2020 14:00:00,621,688.239,-67.2
IMG_0482.JPG,23-Dec-2020 15:00:00,621,709.31882,-88.3
IMG_0499.JPG,24-Dec-2020 08:00:00,619,687.84702,-68.8
IMG_0500.JPG,24-Dec-2020 09:00:00,621,687.18634,-66.2
IMG_0501.JPG,24-Dec-2020 10:00:00,621,689.29808,-68.3
IMG_0502.JPG,24-Dec-2020 11:00:00,619,708.31554,-89.3
IMG_0503.JPG,24-Dec-2020 12:00:00,621,689.90116,-68.9
IMG_0504.JPG,24-Dec-2020 13:00:00,619,690.29561,-71.3
IMG_0505.JPG,24-Dec-2020 14:00:00,621,688.81122,-67.8
IMG_0506.JPG,24-Dec-2020 15:00:00,621,691.52529,-70.5
IMG_0523.JPG,25-Dec-2020 08:00:00,619,688.0581,-69.1
IMG_0524.JPG,25-Dec-2020 09:00:00,621,682.03942,-61.0
IMG_0525.JPG,25-Dec-2020 10:00:00,619,688.94721,-69.9
IMG_0526.JPG,25-Dec-2020 11:00:00,619,534.73169,84.3
IMG_0527.JPG,25-Dec-2020 12:00:00,621,690.00652,-69.0
IMG_0528.JPG,25-Dec-2020 13:00:00,623,688.23905,-65.2
IMG_0529.JPG,25-Dec-2020 14:00:00,619,688.02743,-69.0
IMG_0530.JPG,25-Dec-2020 15:00:00,621,688.89978,-67.9
IMG_0547.JPG,26-Dec-2020 08:00:00,585,582.84067,2.2
IMG_0548.JPG,26-Dec-2020 09:00:00,583,655.8937,-72.9
IMG_0549.JPG,26-Dec-2020 10:00:00,587,650.12533,-63.1
IMG_0550.JPG,26-Dec-2020 11:00:00,587,655.95696,-69.0
IMG_0551.JPG,26-Dec-2020 12:00:00,587,656.00016,-69.0
IMG_0552.JPG,26-Dec-2020 13:00:00,587,655.90596,-68.9
IMG_0553.JPG,26-Dec-2020 14:00:00,585,656.18652,-71.2
IMG_0554.JPG,26-Dec-2020 15:00:00,585,654.95333,-70.0
IMG_0555.JPG,26-Dec-2020 16:00:00,587,645.14848,-58.1
IMG_0571.JPG,27-Dec-2020 08:00:00,587,660.96257,-74.0
IMG_0572.JPG,27-Dec-2020 09:00:00,589,648.11877,-59.1
IMG_0573.JPG,27-Dec-2020 10:00:00,589,658.95612,-70.0
IMG_0574.JPG,27-Dec-2020 11:00:00,585,451.65258,133.3
IMG_0575.JPG,27-Dec-2020 12:00:00,587,659.07473,-72.1
IMG_0576.JPG,27-Dec-2020 13:00:00,587,653.05513,-66.1
IMG_0577.JPG,27-Dec-2020 14:00:00,587,650.12533,-63.1
IMG_0578.JPG,27-Dec-2020 15:00:00,587,653.05506,-66.1
IMG_0595.JPG,28-Dec-2020 08:00:00,589,657.13446,-68.1
IMG_0596.JPG,28-Dec-2020 09:00:00,589,655.93567,-66.9
IMG_0597.JPG,28-Dec-2020 10:00:00,589,660.28553,-71.3
IMG_0598.JPG,28-Dec-2020 11:00:00,591,657.77953,-66.8
IMG_0599.JPG,28-Dec-2020 12:00:00,589,658.71501,-69.7
IMG_0600.JPG,28-Dec-2020 13:00:00,589,658.37464,-69.4
IMG_0601.JPG,28-Dec-2020 14:00:00,589,656.95373,-68.0
IMG_0602.JPG,28-Dec-2020 15:00:00,589,654.17958,-65.2
IMG_0603.JPG,28-Dec-2020 16:00:00,589,662.01881,-73.0
IMG_0619.JPG,29-Dec-2020 08:00:00,589,648.15889,-59.2
IMG_0620.JPG,29-Dec-2020 09:00:00,589,650.16583,-61.2
IMG_0621.JPG,29-Dec-2020 10:00:00,591,659.00465,-68.0
IMG_0622.JPG,29-Dec-2020 11:00:00,591,658.9613,-68.0
IMG_0623.JPG,29-Dec-2020 12:00:00,591,655.18305,-64.2
IMG_0624.JPG,29-Dec-2020 13:00:00,593,659.00465,-66.0
IMG_0625.JPG,29-Dec-2020 14:00:00,591,653.13517,-62.1
IMG_0626.JPG,29-Dec-2020 15:00:00,593,653.17611,-60.2
IMG_0643.JPG,30-Dec-2020 08:00:00,570,618.30725,-48.3
IMG_0644.JPG,30-Dec-2020 09:00:00,562,625.19882,-63.2
IMG_0645.JPG,30-Dec-2020 10:00:00,552,636.95907,-85.0
IMG_0646.JPG,30-Dec-2020 11:00:00,534,613.99957,-80.0
IMG_0647.JPG,30-Dec-2020 12:00:00,528,621.01099,-93.0
IMG_0648.JPG,30-Dec-2020 13:00:00,520,590.72739,-70.7
IMG_0649.JPG,30-Dec-2020 14:00:00,516,574.83013,-58.8
IMG_0650.JPG,30-Dec-2020 15:00:00,507,580.03389,-73.0
IMG_0667.JPG,31-Dec-2020 08:00:00,444,543.7824,-99.8
IMG_0668.JPG,31-Dec-2020 09:00:00,444,488.11666,-44.1
IMG_0669.JPG,31-Dec-2020 10:00:00,444,542.83091,-98.8
IMG_0670.JPG,31-Dec-2020 11:00:00,444,530.85439,-86.9
IMG_0671.JPG,31-Dec-2020 12:00:00,440,542.88378,-102.9
IMG_0672.JPG,31-Dec-2020 13:00:00,442,544.88704,-102.9
IMG_0673.JPG,31-Dec-2020 14:00:00,451,516.74086,-65.7
IMG_0674.JPG,31-Dec-2020 15:00:00,451,503.72082,-52.7
IMG_0675.JPG,31-Dec-2020 16:00:00,448,498.03722,-50.0
IMG_0691.JPG,01-Jan-2021 08:00:00,440,521.93424,-81.9
IMG_0692.JPG,01-Jan-2021 09:00:00,434,536.83802,-102.8
IMG_0693.JPG,01-Jan-2021 10:00:00,434,496.19968,-62.2
IMG_0694.JPG,01-Jan-2021 11:00:00,432,563.19556,-131.2
IMG_0695.JPG,01-Jan-2021 12:00:00,432,561.2221,-129.2
IMG_0696.JPG,01-Jan-2021 13:00:00,438,493.78994,-55.8
IMG_0697.JPG,01-Jan-2021 14:00:00,442,495.63175,-53.6
IMG_0698.JPG,01-Jan-2021 15:00:00,442,494.72252,-52.7
IMG_0699.JPG,01-Jan-2021 16:00:00,440,501.38917,-61.4
IMG_0715.JPG,02-Jan-2021 08:00:00,414,452.88535,-38.9
IMG_0716.JPG,02-Jan-2021 09:00:00,416,489.18929,-73.2
IMG_0717.JPG,02-Jan-2021 10:00:00,414,468.53813,-54.5
IMG_0718.JPG,02-Jan-2021 11:00:00,396,465.71672,-69.7
IMG_0719.JPG,02-Jan-2021 12:00:00,394,403.91907,-9.9
IMG_0720.JPG,02-Jan-2021 13:00:00,383,452.16735,-69.2
IMG_0721.JPG,02-Jan-2021 14:00:00,381,458.67496,-77.7
IMG_0722.JPG,02-Jan-2021 15:00:00,375,439.5788,-64.6
IMG_0739.JPG,03-Jan-2021 08:00:00,377,282.20702,94.8
IMG_0740.JPG,03-Jan-2021 09:00:00,377,331.83674,45.2
IMG_0741.JPG,03-Jan-2021 10:00:00,379,328.0061,51.0
IMG_0742.JPG,03-Jan-2021 11:00:00,385,436.50863,-51.5
IMG_0743.JPG,03-Jan-2021 12:00:00,385,440.4468,-55.4
IMG_0744.JPG,03-Jan-2021 13:00:00,385,439.69649,-54.7
IMG_0745.JPG,03-Jan-2021 14:00:00,385,439.51953,-54.5
IMG_0746.JPG,03-Jan-2021 15:00:00,383,460.58737,-77.6
IMG_0764.JPG,04-Jan-2021 09:00:00,426,434.66894,-8.7
IMG_0765.JPG,04-Jan-2021 10:00:00,379,430.59477,-51.6
IMG_0766.JPG,04-Jan-2021 11:00:00,371,419.64583,-48.6
IMG_0767.JPG,04-Jan-2021 12:00:00,359,405.40706,-46.4
IMG_0768.JPG,04-Jan-2021 13:00:00,341,382.3317,-41.3
IMG_0769.JPG,04-Jan-2021 14:00:00,316,354.09914,-38.1
IMG_0770.JPG,04-Jan-2021 15:00:00,304,342.52705,-38.5
IMG_0787.JPG,05-Jan-2021 08:00:00,308,330.06322,-22.1
IMG_0788.JPG,05-Jan-2021 09:00:00,312,347.50843,-35.5
IMG_0789.JPG,05-Jan-2021 10:00:00,310,347.50843,-37.5
IMG_0790.JPG,05-Jan-2021 11:00:00,310,348.50974,-38.5
IMG_0791.JPG,05-Jan-2021 12:00:00,310,349.10574,-39.1
IMG_0792.JPG,05-Jan-2021 13:00:00,310,350.48936,-40.5
IMG_0793.JPG,05-Jan-2021 14:00:00,306,350.10868,-44.1
IMG_0794.JPG,05-Jan-2021 15:00:00,308,351.49061,-43.5
IMG_0811.JPG,06-Jan-2021 08:00:00,270,310.20122,-40.2
IMG_0812.JPG,06-Jan-2021 09:00:00,266,309.03934,-43.0
IMG_0813.JPG,06-Jan-2021 10:00:00,268,303.75428,-35.8
IMG_0814.JPG,06-Jan-2021 11:00:00,264,330.00382,-66.0
IMG_0815.JPG,06-Jan-2021 12:00:00,260,329.97212,-70.0
IMG_0816.JPG,06-Jan-2021 13:00:00,262,327.15848,-65.2
IMG_0817.JPG,06-Jan-2021 14:00:00,262,316.382,-54.4
IMG_0818.JPG,06-Jan-2021 15:00:00,260,331.21506,-71.2
IMG_0819.JPG,06-Jan-2021 16:00:00,255,300.015,-45.0
IMG_0835.JPG,07-Jan-2021 08:00:00,264,234.91421,29.1
IMG_0836.JPG,07-Jan-2021 09:00:00,264,305.02691,-41.0
IMG_0837.JPG,07-Jan-2021 10:00:00,266,305.77347,-39.8
IMG_0838.JPG,07-Jan-2021 11:00:00,264,333.37334,-69.4
IMG_0839.JPG,07-Jan-2021 12:00:00,264,254.02233,10.0
IMG_0840.JPG,07-Jan-2021 13:00:00,268,339.20151,-71.2
IMG_0841.JPG,07-Jan-2021 14:00:00,266,350.16683,-84.2
IMG_0842.JPG,07-Jan-2021 15:00:00,268,309.20092,-41.2
IMG_0843.JPG,07-Jan-2021 16:00:00,264,338.23683,-74.2
IMG_0859.JPG,08-Jan-2021 08:00:00,270,348.17933,-78.2
IMG_0860.JPG,08-Jan-2021 09:00:00,272,354.01271,-82.0
IMG_0861.JPG,08-Jan-2021 10:00:00,272,354.57302,-82.6
IMG_0862.JPG,08-Jan-2021 11:00:00,270,312.04867,-42.0
IMG_0863.JPG,08-Jan-2021 12:00:00,272,314.05489,-42.1
IMG_0864.JPG,08-Jan-2021 13:00:00,270,358.19171,-88.2
IMG_0865.JPG,08-Jan-2021 14:00:00,270,355.96488,-86.0
IMG_0866.JPG,08-Jan-2021 15:00:00,268,312.51861,-44.5
IMG_0867.JPG,08-Jan-2021 16:00:00,272,309.62807,-37.6
IMG_0883.JPG,09-Jan-2021 08:00:00,272,338.32208,-66.3
IMG_0884.JPG,09-Jan-2021 09:00:00,272,310.91087,-38.9
IMG_0885.JPG,09-Jan-2021 10:00:00,272,357.1886,-85.2
IMG_0886.JPG,09-Jan-2021 11:00:00,270,322.4694,-52.5
IMG_0887.JPG,09-Jan-2021 12:00:00,272,321.45482,-49.5
IMG_0888.JPG,09-Jan-2021 13:00:00,274,359.11471,-85.1
IMG_0889.JPG,09-Jan-2021 14:00:00,272,354.56202,-82.6
IMG_0890.JPG,09-Jan-2021 15:00:00,270,348.58008,-78.6
IMG_0891.JPG,09-Jan-2021 16:00:00,270,303.27612,-33.3
IMG_0907.JPG,10-Jan-2021 08:00:00,272,315.94001,-43.9
IMG_0908.JPG,10-Jan-2021 09:00:00,276,314.74488,-38.7
IMG_0909.JPG,10-Jan-2021 10:00:00,274,310.6552,-36.7
IMG_0910.JPG,10-Jan-2021 11:00:00,276,310.64662,-34.6
IMG_0911.JPG,10-Jan-2021 12:00:00,270,360.95715,-91.0
IMG_0912.JPG,10-Jan-2021 13:00:00,274,350.16062,-76.2
IMG_0913.JPG,10-Jan-2021 14:00:00,274,103.51804,170.5
IMG_0914.JPG,10-Jan-2021 15:00:00,274,106.80569,167.2
IMG_0915.JPG,10-Jan-2021 16:00:00,276,331.18881,-55.2
IMG_0931.JPG,11-Jan-2021 08:00:00,276,332.56813,-56.6
IMG_0932.JPG,11-Jan-2021 09:00:00,274,312.81343,-38.8
IMG_0933.JPG,11-Jan-2021 10:00:00,274,358.4204,-84.4
IMG_0934.JPG,11-Jan-2021 11:00:00,276,321.72795,-45.7
IMG_0935.JPG,11-Jan-2021 12:00:00,272,315.94001,-43.9
IMG_0936.JPG,11-Jan-2021 13:00:00,274,313.92835,-39.9
IMG_0937.JPG,11-Jan-2021 14:00:00,272,361.9877,-90.0
IMG_0938.JPG,11-Jan-2021 15:00:00,272,313.7227,-41.7
IMG_0939.JPG,11-Jan-2021 16:00:00,276,357.64056,-81.6
IMG_0959.JPG,12-Jan-2021 12:00:00,1,,
IMG_0960.JPG,12-Jan-2021 13:00:00,1,,
IMG_0979.JPG,13-Jan-2021 08:00:00,255,292.93484,-37.9
IMG_0980.JPG,13-Jan-2021 09:00:00,260,292.44894,-32.4
IMG_0981.JPG,13-Jan-2021 10:00:00,260,293.93352,-33.9
IMG_0982.JPG,13-Jan-2021 11:00:00,262,295.2527,-33.3
IMG_0983.JPG,13-Jan-2021 12:00:00,264,297.46105,-33.5
IMG_0984.JPG,13-Jan-2021 13:00:00,268,321.07419,-53.1
IMG_0985.JPG,13-Jan-2021 14:00:00,268,327.35649,-59.4
IMG_0986.JPG,13-Jan-2021 15:00:00,264,350.51924,-86.5
IMG_0987.JPG,13-Jan-2021 16:00:00,268,303.87134,-35.9
IMG_1003.JPG,14-Jan-2021 08:00:00,276,344.43979,-68.4
IMG_1004.JPG,14-Jan-2021 09:00:00,278,344.10298,-66.1
IMG_1005.JPG,14-Jan-2021 10:00:00,276,314.03117,-38.0
IMG_1006.JPG,14-Jan-2021 11:00:00,276,348.95942,-73.0
IMG_1007.JPG,14-Jan-2021 12:00:00,278,350.58942,-72.6
IMG_1008.JPG,14-Jan-2021 13:00:00,280,316.28691,-36.3
IMG_1009.JPG,14-Jan-2021 14:00:00,280,315.70849,-35.7
IMG_1010.JPG,14-Jan-2021 15:00:00,278,314.69612,-36.7
IMG_1011.JPG,14-Jan-2021 16:00:00,280,318.74561,-38.7
IMG_1027.JPG,15-Jan-2021 08:00:00,286,320.72895,-34.7
IMG_1028.JPG,15-Jan-2021 09:00:00,284,321.13679,-37.1
IMG_1029.JPG,15-Jan-2021 10:00:00,286,322.15173,-36.2
IMG_1030.JPG,15-Jan-2021 11:00:00,286,323.75488,-37.8
IMG_1031.JPG,15-Jan-2021 12:00:00,286,323.75488,-37.8
IMG_1032.JPG,15-Jan-2021 13:00:00,288,327.85691,-39.9
IMG_1033.JPG,15-Jan-2021 14:00:00,286,355.78735,-69.8
IMG_1034.JPG,15-Jan-2021 15:00:00,290,353.53993,-63.5
IMG_1035.JPG,15-Jan-2021 16:00:00,290,357.3991,-67.4
IMG_1051.JPG,16-Jan-2021 08:00:00,292,329.40068,-37.4
IMG_1052.JPG,16-Jan-2021 09:00:00,294,332.14526,-38.1
IMG_1053.JPG,16-Jan-2021 10:00:00,290,329.02083,-39.0
IMG_1054.JPG,16-Jan-2021 11:00:00,292,333.93116,-41.9
IMG_1055.JPG,16-Jan-2021 12:00:00,292,328.91167,-36.9
IMG_1056.JPG,16-Jan-2021 13:00:00,290,328.00993,-38.0
IMG_1057.JPG,16-Jan-2021 14:00:00,294,327.90612,-33.9
IMG_1058.JPG,16-Jan-2021 15:00:00,290,327.23771,-37.2
IMG_1059.JPG,16-Jan-2021 16:00:00,294,332.48275,-38.5
IMG_1075.JPG,17-Jan-2021 08:00:00,294,331.317,-37.3
IMG_1076.JPG,17-Jan-2021 09:00:00,298,331.82026,-33.8
IMG_1077.JPG,17-Jan-2021 10:00:00,296,339.88567,-43.9
IMG_1078.JPG,17-Jan-2021 11:00:00,294,336.19757,-42.2
IMG_1079.JPG,17-Jan-2021 12:00:00,294,338.54246,-44.5
IMG_1080.JPG,17-Jan-2021 13:00:00,294,365.27018,-71.3
IMG_1081.JPG,17-Jan-2021 14:00:00,294,301.27436,-7.3
IMG_1082.JPG,17-Jan-2021 15:00:00,296,361.5951,-65.6
IMG_1083.JPG,17-Jan-2021 16:00:00,294,331.28863,-37.3
IMG_1099.JPG,18-Jan-2021 08:00:00,298,367.84829,-69.8
IMG_1100.JPG,18-Jan-2021 09:00:00,298,366.62445,-68.6
IMG_1101.JPG,18-Jan-2021 10:00:00,298,367.48987,-69.5
IMG_1102.JPG,18-Jan-2021 11:00:00,298,367.48987,-69.5
IMG_1103.JPG,18-Jan-2021 12:00:00,296,341.24559,-45.2
IMG_1104.JPG,18-Jan-2021 13:00:00,296,366.82666,-70.8
IMG_1105.JPG,18-Jan-2021 14:00:00,296,336.05788,-40.1
IMG_1106.JPG,18-Jan-2021 15:00:00,298,372.91879,-74.9
IMG_1107.JPG,18-Jan-2021 16:00:00,298,340.23598,-42.2
IMG_1123.JPG,19-Jan-2021 08:00:00,300,339.72595,-39.7
IMG_1124.JPG,19-Jan-2021 09:00:00,300,338.93968,-38.9
IMG_1125.JPG,19-Jan-2021 10:00:00,300,339.90981,-39.9
IMG_1126.JPG,19-Jan-2021 11:00:00,300,340.00549,-40.0
IMG_1127.JPG,19-Jan-2021 12:00:00,302,339.07586,-37.1
IMG_1128.JPG,19-Jan-2021 13:00:00,302,324.56921,-22.6
IMG_1129.JPG,19-Jan-2021 14:00:00,302,345.25882,-43.3
IMG_1130.JPG,19-Jan-2021 15:00:00,302,345.25882,-43.3
IMG_1131.JPG,19-Jan-2021 16:00:00,302,343.99842,-42.0
IMG_1147.JPG,20-Jan-2021 08:00:00,302,341.90202,-39.9
IMG_1148.JPG,20-Jan-2021 09:00:00,302,343.99438,-42.0
IMG_1149.JPG,20-Jan-2021 10:00:00,302,341.04574,-39.0
IMG_1150.JPG,20-Jan-2021 11:00:00,300,344.31718,-44.3
IMG_1151.JPG,20-Jan-2021 12:00:00,306,347.95108,-42.0
IMG_1152.JPG,20-Jan-2021 13:00:00,304,345.10889,-41.1
IMG_1153.JPG,20-Jan-2021 14:00:00,304,340.97787,-37.0
IMG_1154.JPG,20-Jan-2021 15:00:00,302,346.64915,-44.6
IMG_1155.JPG,20-Jan-2021 16:00:00,304,382.26725,-78.3
IMG_1171.JPG,21-Jan-2021 08:00:00,304,339.6121,-35.6
IMG_1172.JPG,21-Jan-2021 09:00:00,304,345.11753,-41.1
IMG_1173.JPG,21-Jan-2021 10:00:00,304,343.22816,-39.2
IMG_1174.JPG,21-Jan-2021 11:00:00,308,344.83008,-36.8
IMG_1175.JPG,21-Jan-2021 12:00:00,306,342.79362,-36.8
IMG_1176.JPG,21-Jan-2021 13:00:00,306,351.84143,-45.8
IMG_1177.JPG,21-Jan-2021 14:00:00,304,348.68479,-44.7
IMG_1178.JPG,21-Jan-2021 15:00:00,304,343.57708,-39.6
IMG_1179.JPG,21-Jan-2021 16:00:00,306,343.14016,-37.1
IMG_1195.JPG,22-Jan-2021 08:00:00,308,351.2983,-43.3
IMG_1196.JPG,22-Jan-2021 09:00:00,306,351.49786,-45.5
IMG_1197.JPG,22-Jan-2021 10:00:00,306,352.35122,-46.4
IMG_1198.JPG,22-Jan-2021 11:00:00,306,306.79011,-0.8
IMG_1199.JPG,22-Jan-2021 12:00:00,304,351.2983,-47.3
IMG_1200.JPG,22-Jan-2021 13:00:00,306,372.3948,-66.4
IMG_1201.JPG,22-Jan-2021 14:00:00,306,378.05823,-72.1
IMG_1202.JPG,22-Jan-2021 15:00:00,310,373.41845,-63.4
IMG_1203.JPG,22-Jan-2021 16:00:00,306,352.68447,-46.7
IMG_1219.JPG,23-Jan-2021 08:00:00,306,380.17069,-74.2
IMG_1220.JPG,23-Jan-2021 09:00:00,308,381.97882,-74.0
IMG_1221.JPG,23-Jan-2021 10:00:00,306,351.67433,-45.7
IMG_1222.JPG,23-Jan-2021 11:00:00,306,346.93389,-40.9
IMG_1223.JPG,23-Jan-2021 12:00:00,306,317.31145,-11.3
IMG_1224.JPG,23-Jan-2021 13:00:00,308,370.97575,-63.0
IMG_1225.JPG,23-Jan-2021 14:00:00,308,374.37283,-66.4
IMG_1226.JPG,23-Jan-2021 15:00:00,306,373.01381,-67.0
IMG_1227.JPG,23-Jan-2021 16:00:00,306,352.30739,-46.3
IMG_1243.JPG,24-Jan-2021 08:00:00,306,345.97697,-40.0
IMG_1244.JPG,24-Jan-2021 09:00:00,308,345.01018,-37.0
IMG_1245.JPG,24-Jan-2021 10:00:00,306,349.13836,-43.1
IMG_1246.JPG,24-Jan-2021 11:00:00,308,348.70867,-40.7
IMG_1247.JPG,24-Jan-2021 12:00:00,306,346.91253,-40.9
IMG_1248.JPG,24-Jan-2021 13:00:00,308,348.1254,-40.1
IMG_1249.JPG,24-Jan-2021 14:00:00,308,347.95111,-40.0
IMG_1250.JPG,24-Jan-2021 15:00:00,308,344.99842,-37.0
IMG_1251.JPG,24-Jan-2021 16:00:00,306,347.84954,-41.8
IMG_1267.JPG,25-Jan-2021 08:00:00,298,344.0716,-46.1
IMG_1268.JPG,25-Jan-2021 09:00:00,300,342.9102,-42.9
IMG_1269.JPG,25-Jan-2021 10:00:00,298,339.88567,-41.9
IMG_1270.JPG,25-Jan-2021 11:00:00,298,341.90202,-43.9
IMG_1271.JPG,25-Jan-2021 12:00:00,300,338.97697,-39.0
IMG_1272.JPG,25-Jan-2021 13:00:00,298,339.13451,-41.1
IMG_1273.JPG,25-Jan-2021 14:00:00,298,334.8386,-36.8
IMG_1274.JPG,25-Jan-2021 15:00:00,298,338.61483,-40.6
IMG_1275.JPG,25-Jan-2021 16:00:00,298,337.01882,-39.0
IMG_1291.JPG,26-Jan-2021 08:00:00,292,333.28337,-41.3
IMG_1292.JPG,26-Jan-2021 09:00:00,296,336.07069,-40.1
IMG_1293.JPG,26-Jan-2021 10:00:00,292,334.22676,-42.2
IMG_1294.JPG,26-Jan-2021 11:00:00,290,339.18564,-49.2
IMG_1295.JPG,26-Jan-2021 12:00:00,292,334.03437,-42.0
IMG_1296.JPG,26-Jan-2021 13:00:00,292,333.33863,-41.3
IMG_1297.JPG,26-Jan-2021 14:00:00,294,331.08127,-37.1
IMG_1298.JPG,26-Jan-2021 15:00:00,290,334.35545,-44.4
IMG_1299.JPG,26-Jan-2021 16:00:00,290,335.18794,-45.2
IMG_1315.JPG,27-Jan-2021 08:00:00,272,309.58988,-37.6
IMG_1316.JPG,27-Jan-2021 09:00:00,257,299.23342,-42.2
IMG_1317.JPG,27-Jan-2021 10:00:00,245,283.86062,-38.9
IMG_1318.JPG,27-Jan-2021 11:00:00,239,275.61932,-36.6
IMG_1319.JPG,27-Jan-2021 12:00:00,227,266.89341,-39.9
IMG_1320.JPG,27-Jan-2021 13:00:00,217,114.10809,102.9
IMG_1321.JPG,27-Jan-2021 14:00:00,211,242.54819,-31.5
IMG_1322.JPG,27-Jan-2021 15:00:00,211,243.59333,-32.6
IMG_1323.JPG,27-Jan-2021 16:00:00,213,69.3666,143.6
IMG_1339.JPG,28-Jan-2021 08:00:00,1,,
IMG_1340.JPG,28-Jan-2021 09:00:00,1,,
IMG_1341.JPG,28-Jan-2021 10:00:00,1,,
IMG_1342.JPG,28-Jan-2021 11:00:00,1,,
IMG_1343.JPG,28-Jan-2021 12:00:00,1,,
IMG_1344.JPG,28-Jan-2021 13:00:00,1,,
IMG_1345.JPG,28-Jan-2021 14:00:00,1,,
IMG_1346.JPG,28-Jan-2021 15:00:00,1,,
IMG_1347.JPG,28-Jan-2021 16:00:00,1,,
IMG_1363.JPG,29-Jan-2021 08:00:00,1,,
IMG_1364.JPG,29-Jan-2021 09:00:00,1,,
IMG_1365.JPG,29-Jan-2021 10:00:00,1,,
IMG_1366.JPG,29-Jan-2021 11:00:00,1,,
IMG_1367.JPG,29-Jan-2021 12:00:00,1,,
IMG_1368.JPG,29-Jan-2021 13:00:00,170,,
IMG_1369.JPG,29-Jan-2021 14:00:00,170,82.76269,87.2
IMG_1370.JPG,29-Jan-2021 15:00:00,174,,
IMG_1371.JPG,29-Jan-2021 16:00:00,172,,
IMG_1387.JPG,30-Jan-2021 08:00:00,1,,
IMG_1388.JPG,30-Jan-2021 09:00:00,1,,
IMG_1389.JPG,30-Jan-2021 10:00:00,1,,
IMG_1390.JPG,30-Jan-2021 11:00:00,1,,
IMG_1391.JPG,30-Jan-2021 12:00:00,1,,
IMG_1392.JPG,30-Jan-2021 13:00:00,1,,
IMG_1393.JPG,30-Jan-2021 14:00:00,1,,
IMG_1394.JPG,30-Jan-2021 15:00:00,1,,
IMG_1395.JPG,30-Jan-2021 16:00:00,1,,
IMG_1411.JPG,31-Jan-2021 08:00:00,1,,
IMG_1412.JPG,31-Jan-2021 09:00:00,1,,
IMG_1413.JPG,31-Jan-2021 10:00:00,1,,
IMG_1414.JPG,31-Jan-2021 11:00:00,1,,
IMG_1415.JPG,31-Jan-2021 12:00:00,1,,
IMG_1416.JPG,31-Jan-2021 13:00:00,1,,
IMG_1417.JPG,31-Jan-2021 14:00:00,1,,
IMG_1418.JPG,31-Jan-2021 15:00:00,1,,
IMG_1419.JPG,31-Jan-2021 16:00:00,1,,
IMG_1435.JPG,01-Feb-2021 08:00:00,1,,
IMG_1436.JPG,01-Feb-2021 09:00:00,1,,
IMG_1437.JPG,01-Feb-2021 10:00:00,1,,
IMG_1438.JPG,01-Feb-2021 11:00:00,1,,
IMG_1439.JPG,01-Feb-2021 12:00:00,1,,
IMG_1440.JPG,01-Feb-2021 13:00:00,1,,
IMG_1441.JPG,01-Feb-2021 14:00:00,1,,
IMG_1442.JPG,01-Feb-2021 15:00:00,1,,
IMG_1443.JPG,01-Feb-2021 16:00:00,1,,
IMG_1459.JPG,02-Feb-2021 08:00:00,1,,
IMG_1460.JPG,02-Feb-2021 09:00:00,1,,
IMG_1461.JPG,02-Feb-2021 10:00:00,1,,
IMG_1462.JPG,02-Feb-2021 11:00:00,1,,
IMG_1463.JPG,02-Feb-2021 12:00:00,1,,
IMG_1464.JPG,02-Feb-2021 13:00:00,1,,
IMG_1465.JPG,02-Feb-2021 14:00:00,1,,
IMG_1466.JPG,02-Feb-2021 15:00:00,1,,
IMG_1483.JPG,03-Feb-2021 08:00:00,1,,
IMG_1484.JPG,03-Feb-2021 09:00:00,1,,
IMG_1485.JPG,03-Feb-2021 10:00:00,1,,
IMG_1486.JPG,03-Feb-2021 11:00:00,1,,
IMG_1487.JPG,03-Feb-2021 12:00:00,1,,
IMG_1488 (1).JPG,03-Feb-2021 13:00:00,1,,
IMG_1488.JPG,03-Feb-2021 13:00:00,1,,
IMG_1489.JPG,03-Feb-2021 14:00:00,1,,
IMG_1490.JPG,03-Feb-2021 15:00:00,1,,
IMG_1491.JPG,03-Feb-2021 16:00:00,1,,
IMG_1507.JPG,04-Feb-2021 08:00:00,1,,
IMG_1508.JPG,04-Feb-2021 09:00:00,1,,
IMG_1509.JPG,04-Feb-2021 10:00:00,1,,
IMG_1510.JPG,04-Feb-2021 11:00:00,1,,
IMG_1511.JPG,04-Feb-2021 12:00:00,1,,
IMG_1512.JPG,04-Feb-2021 13:00:00,1,,
IMG_1513.JPG,04-Feb-2021 14:00:00,1,,
IMG_1514.JPG,04-Feb-2021 15:00:00,1,,
IMG_1515.JPG,04-Feb-2021 16:00:00,1,,
IMG_1534.JPG,05-Feb-2021 11:00:00,1,,
IMG_1557.JPG,06-Feb-2021 10:00:00,1,,
IMG_1558.JPG,06-Feb-2021 11:00:00,1,,
IMG_1559.JPG,06-Feb-2021 12:00:00,1,,
IMG_1560.JPG,06-Feb-2021 13:00:00,1,,
IMG_1561.JPG,06-Feb-2021 14:00:00,1,,
IMG_1562.JPG,06-Feb-2021 15:00:00,1,,
IMG_1605.JPG,08-Feb-2021 10:00:00,1,,
IMG_1606.JPG,08-Feb-2021 11:00:00,1,,
IMG_1607.JPG,08-Feb-2021 12:00:00,1,,
IMG_1608.JPG,08-Feb-2021 13:00:00,1,,
IMG_1609.JPG,08-Feb-2021 14:00:00,1,,
IMG_1610.JPG,08-Feb-2021 15:00:00,1,,
IMG_1629.JPG,09-Feb-2021 10:00:00,1,,
IMG_1630.JPG,09-Feb-2021 11:00:00,1,,
IMG_1631.JPG,09-Feb-2021 12:00:00,1,,
IMG_1632.JPG,09-Feb-2021 13:00:00,1,,
IMG_1633.JPG,09-Feb-2021 14:00:00,1,,
IMG_1634.JPG,09-Feb-2021 15:00:00,1,,
IMG_1652.JPG,10-Feb-2021 09:00:00,1,,
IMG_1653.JPG,10-Feb-2021 10:00:00,1,,
IMG_1654.JPG,10-Feb-2021 11:00:00,1,,
IMG_1655.JPG,10-Feb-2021 12:00:00,1,,
IMG_1656.JPG,10-Feb-2021 13:00:00,1,,
IMG_1657.JPG,10-Feb-2021 14:00:00,1,,
IMG_1658.JPG,10-Feb-2021 15:00:00,1,,
IMG_1659.JPG,10-Feb-2021 16:00:00,1,,
IMG_1675.JPG,11-Feb-2021 08:00:00,1,,
IMG_1676.JPG,11-Feb-2021 09:00:00,1,,
IMG_1677.JPG,11-Feb-2021 10:00:00,1,,
IMG_1678.JPG,11-Feb-2021 11:00:00,1,,
IMG_1679.JPG,11-Feb-2021 12:00:00,1,,
IMG_1680.JPG,11-Feb-2021 13:00:00,1,,
IMG_1681.JPG,11-Feb-2021 14:00:00,1,,
IMG_1682.JPG,11-Feb-2021 15:00:00,1,,
IMG_1683.JPG,11-Feb-2021 16:00:00,1,,
IMG_1699.JPG,12-Feb-2021 08:00:00,1,,
IMG_1700.JPG,12-Feb-2021 09:00:00,1,,
IMG_1701.JPG,12-Feb-2021 10:00:00,1,,
IMG_1702.JPG,12-Feb-2021 11:00:00,1,,
IMG_1703.JPG,12-Feb-2021 12:00:00,1,,
IMG_1704.JPG,12-Feb-2021 13:00:00,1,,
IMG_1705.JPG,12-Feb-2021 14:00:00,1,,
IMG_1706.JPG,12-Feb-2021 15:00:00,1,,
IMG_1707.JPG,12-Feb-2021 16:00:00,1,,
IMG_1723.JPG,13-Feb-2021 08:00:00,1,,
IMG_1724.JPG,13-Feb-2021 09:00:00,1,,
IMG_1725.JPG,13-Feb-2021 10:00:00,1,,
IMG_1726.JPG,13-Feb-2021 11:00:00,1,,
IMG_1727.JPG,13-Feb-2021 12:00:00,1,,
IMG_1728.JPG,13-Feb-2021 13:00:00,1,,
IMG_1729.JPG,13-Feb-2021 14:00:00,1,,
IMG_1730.JPG,13-Feb-2021 15:00:00,1,,
IMG_1731.JPG,13-Feb-2021 16:00:00,1,,
IMG_1747.JPG,14-Feb-2021 08:00:00,1,,
IMG_1748.JPG,14-Feb-2021 09:00:00,1,,
IMG_1749.JPG,14-Feb-2021 10:00:00,1,,
IMG_1750.JPG,14-Feb-2021 11:00:00,1,,
IMG_1751.JPG,14-Feb-2021 12:00:00,1,,
IMG_1752.JPG,14-Feb-2021 13:00:00,1,,
IMG_1753.JPG,14-Feb-2021 14:00:00,1,,
IMG_1754.JPG,14-Feb-2021 15:00:00,1,,
IMG_1755.JPG,14-Feb-2021 16:00:00,1,,
IMG_1772.JPG,15-Feb-2021 09:00:00,1,,
IMG_1773.JPG,15-Feb-2021 10:00:00,1,,
IMG_1774.JPG,15-Feb-2021 11:00:00,1,,
IMG_1775.JPG,15-Feb-2021 12:00:00,1,,
IMG_1776.JPG,15-Feb-2021 13:00:00,1,,
IMG_1777.JPG,15-Feb-2021 14:00:00,1,,
IMG_1778.JPG,15-Feb-2021 15:00:00,1,,
IMG_1779.JPG,15-Feb-2021 16:00:00,1,,
IMG_1795.JPG,16-Feb-2021 08:00:00,1,,
IMG_1796.JPG,16-Feb-2021 09:00:00,1,,
IMG_1797.JPG,16-Feb-2021 10:00:00,1,,
IMG_1798.JPG,16-Feb-2021 11:00:00,1,,
IMG_1799.JPG,16-Feb-2021 12:00:00,1,,
IMG_1800.JPG,16-Feb-2021 13:00:00,1,,
IMG_1801.JPG,16-Feb-2021 14:00:00,1,,
IMG_1823.JPG,17-Feb-2021 12:00:00,1,,
IMG_1824.JPG,17-Feb-2021 13:00:00,1,,
IMG_1845.JPG,18-Feb-2021 10:00:00,1,,
IMG_1846.JPG,18-Feb-2021 11:00:00,1,,
IMG_1847.JPG,18-Feb-2021 12:00:00,1,,
IMG_1848.JPG,18-Feb-2021 13:00:00,1,,
IMG_1849.JPG,18-Feb-2021 14:00:00,1,,
IMG_1850.JPG,18-Feb-2021 15:00:00,1,,
IMG_1868.JPG,19-Feb-2021 09:00:00,1,,
IMG_1869.JPG,19-Feb-2021 10:00:00,1,,
IMG_1872.JPG,19-Feb-2021 13:00:00,1,,
IMG_1873.JPG,19-Feb-2021 14:00:00,1,,
IMG_1893.JPG,20-Feb-2021 10:00:00,1,,
IMG_1894.JPG,20-Feb-2021 11:00:00,1,,
IMG_1895.JPG,20-Feb-2021 12:00:00,1,,
IMG_1896.JPG,20-Feb-2021 13:00:00,1,,
IMG_1918.JPG,21-Feb-2021 11:00:00,1,,
IMG_1919.JPG,21-Feb-2021 12:00:00,1,,
IMG_1920.JPG,21-Feb-2021 13:00:00,1,,
IMG_1921.JPG,21-Feb-2021 14:00:00,1,,
IMG_1941.JPG,22-Feb-2021 10:00:00,1,,
IMG_1942.JPG,22-Feb-2021 11:00:00,1,,
IMG_1943.JPG,22-Feb-2021 12:00:00,1,,
IMG_1944.JPG,22-Feb-2021 13:00:00,1,,
IMG_1963.JPG,23-Feb-2021 08:00:00,1,,
IMG_1964.JPG,23-Feb-2021 09:00:00,1,,
IMG_1965.JPG,23-Feb-2021 10:00:00,1,,
IMG_1966.JPG,23-Feb-2021 11:00:00,1,,
IMG_1967.JPG,23-Feb-2021 12:00:00,1,,
IMG_1968.JPG,23-Feb-2021 13:00:00,1,,
IMG_1969.JPG,23-Feb-2021 14:00:00,1,,
IMG_1970.JPG,23-Feb-2021 15:00:00,1,,
IMG_1971.JPG,23-Feb-2021 16:00:00,1,,
IMG_1987.JPG,24-Feb-2021 08:00:00,1,,
IMG_1988.JPG,24-Feb-2021 09:00:00,1,,
IMG_1989.JPG,24-Feb-2021 10:00:00,1,,
IMG_1990.JPG,24-Feb-2021 11:00:00,1,,
IMG_1991.JPG,24-Feb-2021 12:00:00,1,,
IMG_1992.JPG,24-Feb-2021 13:00:00,1,,
IMG_1993.JPG,24-Feb-2021 14:00:00,1,,
IMG_1994.JPG,24-Feb-2021 15:00:00,1,,
IMG_1995.JPG,24-Feb-2021 16:00:00,1,,
IMG_2012.JPG,25-Feb-2021 09:00:00,1,,
IMG_2015.JPG,25-Feb-2021 12:00:00,1,,
IMG_2085.JPG,28-Feb-2021 10:00:00,1,,
IMG_2086.JPG,28-Feb-2021 11:00:00,1,,
IMG_2087.JPG,28-Feb-2021 12:00:00,1,,
IMG_2088.JPG,28-Feb-2021 13:00:00,1,,
IMG_2109.JPG,01-Mar-2021 10:00:00,1,,
IMG_2110.JPG,01-Mar-2021 11:00:00,1,,
IMG_2111.JPG,01-Mar-2021 12:00:00,1,,
IMG_2136.JPG,02-Mar-2021 13:00:00,1,,
IMG_2137.JPG,02-Mar-2021 14:00:00,1,,
IMG_2138.JPG,02-Mar-2021 15:00:00,1,,
IMG_2157.JPG,03-Mar-2021 10:00:00,1,,
IMG_2158.JPG,03-Mar-2021 11:00:00,1,,
IMG_2159.JPG,03-Mar-2021 12:00:00,1,,
IMG_2160.JPG,03-Mar-2021 13:00:00,1,,
IMG_2161.JPG,03-Mar-2021 14:00:00,1,,
IMG_2162.JPG,03-Mar-2021 15:00:00,1,,
IMG_2179.JPG,04-Mar-2021 08:00:00,1,,
IMG_2180.JPG,04-Mar-2021 09:00:00,1,,
IMG_2181 (1).JPG,04-Mar-2021 10:00:00,1,,
IMG_2181.JPG,04-Mar-2021 10:00:00,1,,
IMG_2182.JPG,04-Mar-2021 11:00:00,1,,
IMG_2183.JPG,04-Mar-2021 12:00:00,1,,
IMG_2184.JPG,04-Mar-2021 13:00:00,1,,
IMG_2185.JPG,04-Mar-2021 14:00:00,1,,
IMG_2186.JPG,04-Mar-2021 15:00:00,1,,
IMG_2187.JPG,04-Mar-2021 16:00:00,1,,
IMG_2188.JPG,04-Mar-2021 17:00:00,1,,
IMG_2202.JPG,05-Mar-2021 07:00:00,1,,
IMG_2203.JPG,05-Mar-2021 08:00:00,1,,
IMG_2204.JPG,05-Mar-2021 09:00:00,1,,
IMG_2205.JPG,05-Mar-2021 10:00:00,1,,
IMG_2206.JPG,05-Mar-2021 11:00:00,1,,
IMG_2207.JPG,05-Mar-2021 12:00:00,1,,
IMG_2208.JPG,05-Mar-2021 13:00:00,1,,
IMG_2209.JPG,05-Mar-2021 14:00:00,1,,
IMG_2210.JPG,05-Mar-2021 15:00:00,1,,
IMG_2211.JPG,05-Mar-2021 16:00:00,1,,
IMG_2212.JPG,05-Mar-2021 17:00:00,1,,
IMG_2226.JPG,06-Mar-2021 07:00:00,1,,
IMG_2227.JPG,06-Mar-2021 08:00:00,1,,
IMG_2228.JPG,06-Mar-2021 09:00:00,1,,
IMG_2229.JPG,06-Mar-2021 10:00:00,1,,
IMG_2230.JPG,06-Mar-2021 11:00:00,1,,
IMG_2231.JPG,06-Mar-2021 12:00:00,1,,
IMG_2232.JPG,06-Mar-2021 13:00:00,1,,
IMG_2233.JPG,06-Mar-2021 14:00:00,1,,
IMG_2234.JPG,06-Mar-2021 15:00:00,1,,
IMG_2235.JPG,06-Mar-2021 16:00:00,1,,
IMG_2236.JPG,06-Mar-2021 17:00:00,1,,
IMG_2250.JPG,07-Mar-2021 07:00:00,1,,
IMG_2251.JPG,07-Mar-2021 08:00:00,1,,
IMG_2252.JPG,07-Mar-2021 09:00:00,1,,
IMG_2253.JPG,07-Mar-2021 10:00:00,1,,
IMG_2254.JPG,07-Mar-2021 11:00:00,1,,
IMG_2255.JPG,07-Mar-2021 12:00:00,1,,
IMG_2256.JPG,07-Mar-2021 13:00:00,1,,
IMG_2257.JPG,07-Mar-2021 14:00:00,1,,
IMG_2258.JPG,07-Mar-2021 15:00:00,1,,
IMG_2259.JPG,07-Mar-2021 16:00:00,1,,
IMG_2260.JPG,07-Mar-2021 17:00:00,1,,
IMG_2274.JPG,08-Mar-2021 07:00:00,1,,
IMG_2275.JPG,08-Mar-2021 08:00:00,1,,
IMG_2276.JPG,08-Mar-2021 09:00:00,1,,
IMG_2277.JPG,08-Mar-2021 10:00:00,1,,
IMG_2278.JPG,08-Mar-2021 11:00:00,1,,
IMG_2279.JPG,08-Mar-2021 12:00:00,1,,
IMG_2280.JPG,08-Mar-2021 13:00:00,1,,
IMG_2281.JPG,08-Mar-2021 14:00:00,1,,
IMG_2282.JPG,08-Mar-2021 15:00:00,1,,
IMG_2283.JPG,08-Mar-2021 16:00:00,1,,
IMG_2284.JPG,08-Mar-2021 17:00:00,1,,
IMG_2298.JPG,09-Mar-2021 07:00:00,1,,
IMG_2299.JPG,09-Mar-2021 08:00:00,1,,
IMG_2300.JPG,09-Mar-2021 09:00:00,1,,
IMG_2301.JPG,09-Mar-2021 10:00:00,1,,
IMG_2302.JPG,09-Mar-2021 11:00:00,1,,
IMG_2303.JPG,09-Mar-2021 12:00:00,1,,
IMG_2304.JPG,09-Mar-2021 13:00:00,1,,
IMG_2305.JPG,09-Mar-2021 14:00:00,1,,
IMG_2306.JPG,09-Mar-2021 15:00:00,1,,
IMG_2307.JPG,09-Mar-2021 16:00:00,1,,
IMG_2308.JPG,09-Mar-2021 17:00:00,1,,
IMG_2322.JPG,10-Mar-2021 07:00:00,1,,
IMG_2323.JPG,10-Mar-2021 08:00:00,1,,
IMG_2324.JPG,10-Mar-2021 09:00:00,1,,
IMG_2325.JPG,10-Mar-2021 10:00:00,1,,
IMG_2326.JPG,10-Mar-2021 11:00:00,1,,
IMG_2327.JPG,10-Mar-2021 12:00:00,1,,
IMG_2328.JPG,10-Mar-2021 13:00:00,1,,
IMG_2329.JPG,10-Mar-2021 14:00:00,1,,
IMG_2330.JPG,10-Mar-2021 15:00:00,1,,
IMG_2331.JPG,10-Mar-2021 16:00:00,1,,
IMG_2332.JPG,10-Mar-2021 17:00:00,1,,
IMG_2346.JPG,11-Mar-2021 07:00:00,1,,
IMG_2347.JPG,11-Mar-2021 08:00:00,1,,
IMG_2348.JPG,11-Mar-2021 09:00:00,1,,
IMG_2349.JPG,11-Mar-2021 10:00:00,1,,
IMG_2350.JPG,11-Mar-2021 11:00:00,1,,
IMG_2351.JPG,11-Mar-2021 12:00:00,1,,
IMG_2352.JPG,11-Mar-2021 13:00:00,1,,
IMG_2353.JPG,11-Mar-2021 14:00:00,1,,
IMG_2354.JPG,11-Mar-2021 15:00:00,1,,
IMG_2355.JPG,11-Mar-2021 16:00:00,1,,
IMG_2356.JPG,11-Mar-2021 17:00:00,1,,
IMG_2370.JPG,12-Mar-2021 07:00:00,1,,
IMG_2371.JPG,12-Mar-2021 08:00:00,1,,
IMG_2372.JPG,12-Mar-2021 09:00:00,1,,
IMG_2373.JPG,12-Mar-2021 10:00:00,1,,
IMG_2374.JPG,12-Mar-2021 11:00:00,1,,
IMG_2375.JPG,12-Mar-2021 12:00:00,1,,
IMG_2376.JPG,12-Mar-2021 13:00:00,1,,
IMG_2377.JPG,12-Mar-2021 14:00:00,1,,
IMG_2378.JPG,12-Mar-2021 15:00:00,1,,
IMG_2379.JPG,12-Mar-2021 16:00:00,1,,
IMG_2380.JPG,12-Mar-2021 17:00:00,1,,
IMG_2394.JPG,13-Mar-2021 07:00:00,1,,
IMG_2395.JPG,13-Mar-2021 08:00:00,1,,
IMG_2396.JPG,13-Mar-2021 09:00:00,1,,
IMG_2397.JPG,13-Mar-2021 10:00:00,1,,
IMG_2398.JPG,13-Mar-2021 11:00:00,1,,
IMG_2399.JPG,13-Mar-2021 12:00:00,1,,
IMG_2400.JPG,13-Mar-2021 13:00:00,1,,
IMG_2401.JPG,13-Mar-2021 14:00:00,1,,
IMG_2402.JPG,13-Mar-2021 15:00:00,1,,
IMG_2403.JPG,13-Mar-2021 16:00:00,1,,
IMG_2404.JPG,13-Mar-2021 17:00:00,1,,
IMG_2417.JPG,14-Mar-2021 06:00:00,1,,
IMG_2418.JPG,14-Mar-2021 07:00:00,1,,
IMG_2419.JPG,14-Mar-2021 08:00:00,1,,
IMG_2420.JPG,14-Mar-2021 09:00:00,1,,
IMG_2421.JPG,14-Mar-2021 10:00:00,1,,
IMG_2422.JPG,14-Mar-2021 11:00:00,1,,
IMG_2423.JPG,14-Mar-2021 12:00:00,1,,
IMG_2424.JPG,14-Mar-2021 13:00:00,1,,
IMG_2425.JPG,14-Mar-2021 14:00:00,1,,
IMG_2426.JPG,14-Mar-2021 15:00:00,1,,
IMG_2427.JPG,14-Mar-2021 16:00:00,1,,
IMG_2428.JPG,14-Mar-2021 17:00:00,1,,
IMG_2442.JPG,15-Mar-2021 07:00:00,1,,
IMG_2443.JPG,15-Mar-2021 08:00:00,1,,
IMG_2444.JPG,15-Mar-2021 09:00:00,1,,
IMG_2445.JPG,15-Mar-2021 10:00:00,1,,
IMG_2446.JPG,15-Mar-2021 11:00:00,1,,
IMG_2447.JPG,15-Mar-2021 12:00:00,1,,
IMG_2448.JPG,15-Mar-2021 13:00:00,1,,
IMG_2449.JPG,15-Mar-2021 14:00:00,1,,
IMG_2450.JPG,15-Mar-2021 15:00:00,1,,
IMG_2451.JPG,15-Mar-2021 16:00:00,1,,
IMG_2452.JPG,15-Mar-2021 17:00:00,1,,
IMG_2465.JPG,16-Mar-2021 06:00:00,1,,
IMG_2466.JPG,16-Mar-2021 07:00:00,1,,
IMG_2467.JPG,16-Mar-2021 08:00:00,1,,
IMG_2468.JPG,16-Mar-2021 09:00:00,1,,
IMG_2469.JPG,16-Mar-2021 10:00:00,1,,
IMG_2470.JPG,16-Mar-2021 11:00:00,1,,
IMG_2471.JPG,16-Mar-2021 12:00:00,1,,
IMG_2472.JPG,16-Mar-2021 13:00:00,1,,
IMG_2473.JPG,16-Mar-2021 14:00:00,1,,
IMG_2474.JPG,16-Mar-2021 15:00:00,1,,
IMG_2475.JPG,16-Mar-2021 16:00:00,1,,
IMG_2476.JPG,16-Mar-2021 17:00:00,1,,
IMG_2489.JPG,17-Mar-2021 06:00:00,1,,
IMG_2490.JPG,17-Mar-2021 07:00:00,1,,
IMG_2491.JPG,17-Mar-2021 08:00:00,1,,
IMG_2492.JPG,17-Mar-2021 09:00:00,1,,
IMG_2493.JPG,17-Mar-2021 10:00:00,1,,
IMG_2494.JPG,17-Mar-2021 11:00:00,1,,
IMG_2495.JPG,17-Mar-2021 12:00:00,1,,
IMG_2496.JPG,17-Mar-2021 13:00:00,1,,
IMG_2497.JPG,17-Mar-2021 14:00:00,1,,
IMG_2498.JPG,17-Mar-2021 15:00:00,1,,
IMG_2499.JPG,17-Mar-2021 16:00:00,1,,
IMG_2500.JPG,17-Mar-2021 17:00:00,1,,
IMG_2513.JPG,18-Mar-2021 06:00:00,1,,
IMG_2514.JPG,18-Mar-2021 07:00:00,1,,
IMG_2515.JPG,18-Mar-2021 08:00:00,1,,
IMG_2516.JPG,18-Mar-2021 09:00:00,1,,
IMG_2517.JPG,18-Mar-2021 10:00:00,1,,
IMG_2518.JPG,18-Mar-2021 11:00:00,1,,
IMG_2519.JPG,18-Mar-2021 12:00:00,1,,
IMG_2520.JPG,18-Mar-2021 13:00:00,1,,
IMG_2521.JPG,18-Mar-2021 14:00:00,1,,
IMG_2522.JPG,18-Mar-2021 15:00:00,1,,
IMG_2523.JPG,18-Mar-2021 16:00:00,1,,
IMG_2524.JPG,18-Mar-2021 17:00:00,1,,
IMG_2538.JPG,19-Mar-2021 07:00:00,1,203.17104,
IMG_2539.JPG,19-Mar-2021 08:00:00,1,,
IMG_2540.JPG,19-Mar-2021 09:00:00,178,209.87526,-31.9
IMG_2541.JPG,19-Mar-2021 10:00:00,178,207.27098,-29.3
IMG_2542.JPG,19-Mar-2021 11:00:00,182,207.21894,-25.2
IMG_2543.JPG,19-Mar-2021 12:00:00,184,209.5866,-25.6
IMG_2544.JPG,19-Mar-2021 13:00:00,182,212.31604,-30.3
IMG_2545.JPG,19-Mar-2021 14:00:00,184,,
IMG_2546.JPG,19-Mar-2021 15:00:00,186,,
IMG_2547.JPG,19-Mar-2021 16:00:00,188,,
IMG_2548.JPG,19-Mar-2021 17:00:00,188,,
IMG_2549.JPG,19-Mar-2021 18:00:00,190,229.86314,-39.9
IMG_2561.JPG,20-Mar-2021 06:00:00,190,223.23469,-33.2
IMG_2562.JPG,20-Mar-2021 07:00:00,190,236.54529,-46.5
IMG_2563.JPG,20-Mar-2021 08:00:00,195,238.32175,-43.3
IMG_2564.JPG,20-Mar-2021 09:00:00,192,253.36455,-61.4
IMG_2565.JPG,20-Mar-2021 10:00:00,195,226.82377,-31.8
IMG_2566.JPG,20-Mar-2021 11:00:00,199,142.87629,56.1
IMG_2567.JPG,20-Mar-2021 12:00:00,197,82.13659,114.9
IMG_2568.JPG,20-Mar-2021 13:00:00,199,,
IMG_2569.JPG,20-Mar-2021 14:00:00,201,232.30489,-31.3
IMG_2570.JPG,20-Mar-2021 15:00:00,201,,
IMG_2571.JPG,20-Mar-2021 16:00:00,201,230.79302,-29.8
IMG_2572.JPG,20-Mar-2021 17:00:00,201,231.92469,-30.9
IMG_2573.JPG,20-Mar-2021 18:00:00,201,85.4242,115.6
IMG_2585.JPG,21-Mar-2021 06:00:00,205,135.00182,70.0
IMG_2586.JPG,21-Mar-2021 07:00:00,205,252.56411,-47.6
IMG_2587.JPG,21-Mar-2021 08:00:00,205,235.30651,-30.3
IMG_2588.JPG,21-Mar-2021 09:00:00,205,238.23828,-33.2
IMG_2589.JPG,21-Mar-2021 10:00:00,205,235.27792,-30.3
IMG_2590.JPG,21-Mar-2021 11:00:00,201,231.40027,-30.4
IMG_2591.JPG,21-Mar-2021 12:00:00,192,225.80296,-33.8
IMG_2592.JPG,21-Mar-2021 13:00:00,195,225.80296,-30.8
IMG_2593.JPG,21-Mar-2021 14:00:00,195,226.08515,-31.1
IMG_2594.JPG,21-Mar-2021 15:00:00,176,210.67028,-34.7
IMG_2595.JPG,21-Mar-2021 16:00:00,164,196.283,-32.3
IMG_2596.JPG,21-Mar-2021 17:00:00,1,,
IMG_2609.JPG,22-Mar-2021 06:00:00,1,,
IMG_2610.JPG,22-Mar-2021 07:00:00,1,,
IMG_2611.JPG,22-Mar-2021 08:00:00,1,,
IMG_2612.JPG,22-Mar-2021 09:00:00,1,,
IMG_2613.JPG,22-Mar-2021 10:00:00,1,,
IMG_2614.JPG,22-Mar-2021 11:00:00,1,,
IMG_2615.JPG,22-Mar-2021 12:00:00,1,,
IMG_2616.JPG,22-Mar-2021 13:00:00,1,,
IMG_2617.JPG,22-Mar-2021 14:00:00,1,,
IMG_2618.JPG,22-Mar-2021 15:00:00,1,,
IMG_2619.JPG,22-Mar-2021 16:00:00,1,,
IMG_2620.JPG,22-Mar-2021 17:00:00,1,,
IMG_2633.JPG,23-Mar-2021 06:00:00,1,,
IMG_2634.JPG,23-Mar-2021 07:00:00,1,,
IMG_2635.JPG,23-Mar-2021 08:00:00,1,,
IMG_2636.JPG,23-Mar-2021 09:00:00,1,,
IMG_2637.JPG,23-Mar-2021 10:00:00,1,,
IMG_2638.JPG,23-Mar-2021 11:00:00,1,,
IMG_2639.JPG,23-Mar-2021 12:00:00,1,,
IMG_2640.JPG,23-Mar-2021 13:00:00,1,,
IMG_2641.JPG,23-Mar-2021 14:00:00,1,,
IMG_2642.JPG,23-Mar-2021 15:00:00,1,,
IMG_2643.JPG,23-Mar-2021 16:00:00,1,,
IMG_2644.JPG,23-Mar-2021 17:00:00,1,,
IMG_2645.JPG,23-Mar-2021 18:00:00,1,,
IMG_2657.JPG,24-Mar-2021 06:00:00,1,,
IMG_2658.JPG,24-Mar-2021 07:00:00,1,,
IMG_2659.JPG,24-Mar-2021 08:00:00,1,,
IMG_2660.JPG,24-Mar-2021 09:00:00,1,,
IMG_2661.JPG,24-Mar-2021 10:00:00,1,,
IMG_2662.JPG,24-Mar-2021 11:00:00,1,,
IMG_2663.JPG,24-Mar-2021 12:00:00,1,,
IMG_2664.JPG,24-Mar-2021 13:00:00,1,,
IMG_2665.JPG,24-Mar-2021 14:00:00,1,,
IMG_2666.JPG,24-Mar-2021 15:00:00,1,,
IMG_2667.JPG,24-Mar-2021 16:00:00,1,,
IMG_2668.JPG,24-Mar-2021 17:00:00,1,,
IMG_2669.JPG,24-Mar-2021 18:00:00,1,,
IMG_2681.JPG,25-Mar-2021 06:00:00,1,,
IMG_2682.JPG,25-Mar-2021 07:00:00,1,,
IMG_2683.JPG,25-Mar-2021 08:00:00,1,,
IMG_2684.JPG,25-Mar-2021 09:00:00,1,,
IMG_2685.JPG,25-Mar-2021 10:00:00,1,,
IMG_2686.JPG,25-Mar-2021 11:00:00,1,,
IMG_2687.JPG,25-Mar-2021 12:00:00,1,,
IMG_2688.JPG,25-Mar-2021 13:00:00,1,,
IMG_2689.JPG,25-Mar-2021 14:00:00,1,,
IMG_2690.JPG,25-Mar-2021 15:00:00,1,,
IMG_2691.JPG,25-Mar-2021 16:00:00,1,,
IMG_2692.JPG,25-Mar-2021 17:00:00,1,,
IMG_2693.JPG,25-Mar-2021 18:00:00,1,,
IMG_2705.JPG,26-Mar-2021 06:00:00,1,,
IMG_2706.JPG,26-Mar-2021 07:00:00,1,,
IMG_2707.JPG,26-Mar-2021 08:00:00,1,,
IMG_2708.JPG,26-Mar-2021 09:00:00,1,,
IMG_2709.JPG,26-Mar-2021 10:00:00,1,,
IMG_2710.JPG,26-Mar-2021 11:00:00,1,,
IMG_2711.JPG,26-Mar-2021 12:00:00,1,,
IMG_2712.JPG,26-Mar-2021 13:00:00,1,,
IMG_2713.JPG,26-Mar-2021 14:00:00,1,,
IMG_2714.JPG,26-Mar-2021 15:00:00,1,,
IMG_2715.JPG,26-Mar-2021 16:00:00,1,,
IMG_2716.JPG,26-Mar-2021 17:00:00,1,,
IMG_2717.JPG,26-Mar-2021 18:00:00,1,,
IMG_2729.JPG,27-Mar-2021 06:00:00,1,,
IMG_2730.JPG,27-Mar-2021 07:00:00,1,,
IMG_2731.JPG,27-Mar-2021 08:00:00,1,,
IMG_2732.JPG,27-Mar-2021 09:00:00,1,,
IMG_2733.JPG,27-Mar-2021 10:00:00,1,,
IMG_2734.JPG,27-Mar-2021 11:00:00,1,,
IMG_2735.JPG,27-Mar-2021 12:00:00,1,189.12932,
IMG_2736.JPG,27-Mar-2021 13:00:00,1,,
IMG_2737.JPG,27-Mar-2021 14:00:00,1,196.89073,
IMG_2738.JPG,27-Mar-2021 15:00:00,1,200.35379,
IMG_2739.JPG,27-Mar-2021 16:00:00,174,203.20831,-29.2
IMG_2740.JPG,27-Mar-2021 17:00:00,180,206.55804,-26.6
IMG_2741.JPG,27-Mar-2021 18:00:00,180,209.91245,-29.9
IMG_2753.JPG,28-Mar-2021 06:00:00,199,,
IMG_2754.JPG,28-Mar-2021 07:00:00,201,231.37507,-30.4
IMG_2755.JPG,28-Mar-2021 08:00:00,199,231.87696,-32.9
IMG_2756.JPG,28-Mar-2021 09:00:00,201,231.11215,-30.1
IMG_2757.JPG,28-Mar-2021 10:00:00,203,131.18689,71.8
IMG_2758.JPG,28-Mar-2021 11:00:00,203,190.44071,12.6
IMG_2759.JPG,28-Mar-2021 12:00:00,207,242.65759,-35.7
IMG_2760.JPG,28-Mar-2021 13:00:00,215,244.38147,-29.4
IMG_2761.JPG,28-Mar-2021 14:00:00,217,135.38029,81.6
IMG_2762.JPG,28-Mar-2021 15:00:00,221,254.15341,-33.2
IMG_2763.JPG,28-Mar-2021 16:00:00,223,256.84382,-33.8
IMG_2764.JPG,28-Mar-2021 17:00:00,223,259.69593,-36.7
IMG_2765.JPG,28-Mar-2021 18:00:00,227,262.71033,-35.7
IMG_2777.JPG,29-Mar-2021 06:00:00,231,274.0846,-43.1
IMG_2778.JPG,29-Mar-2021 07:00:00,231,273.0626,-42.1
IMG_2779.JPG,29-Mar-2021 08:00:00,233,262.16874,-29.2
IMG_2780.JPG,29-Mar-2021 09:00:00,229,284.78978,-55.8
IMG_2781.JPG,29-Mar-2021 10:00:00,231,265.82053,-34.8
IMG_2782.JPG,29-Mar-2021 11:00:00,231,209.66751,21.3
IMG_2783.JPG,29-Mar-2021 12:00:00,231,179.03149,52.0
IMG_2784.JPG,29-Mar-2021 13:00:00,231,266.51704,-35.5
IMG_2785.JPG,29-Mar-2021 14:00:00,233,268.75371,-35.8
IMG_2786.JPG,29-Mar-2021 15:00:00,233,267.65592,-34.7
IMG_2787.JPG,29-Mar-2021 16:00:00,233,268.24007,-35.2
IMG_2788.JPG,29-Mar-2021 17:00:00,237,268.98256,-32.0
IMG_2789.JPG,29-Mar-2021 18:00:00,233,269.96922,-37.0
IMG_2801.JPG,30-Mar-2021 06:00:00,237,272.60791,-35.6
IMG_2802.JPG,30-Mar-2021 07:00:00,235,279.14232,-44.1
IMG_2803 (1).JPG,30-Mar-2021 08:00:00,235,281.73214,-46.7
IMG_2803.JPG,30-Mar-2021 08:00:00,237,281.73214,-44.7
IMG_2804.JPG,30-Mar-2021 09:00:00,235,311.75651,-76.8
IMG_2805.JPG,30-Mar-2021 10:00:00,235,273.6381,-38.6
IMG_2806.JPG,30-Mar-2021 11:00:00,237,274.88597,-37.9
IMG_2807.JPG,30-Mar-2021 12:00:00,237,275.03636,-38.0
IMG_2808.JPG,30-Mar-2021 13:00:00,237,273.38077,-36.4
IMG_2809.JPG,30-Mar-2021 14:00:00,237,83.03862,154.0
IMG_2810.JPG,30-Mar-2021 15:00:00,239,273.58599,-34.6
IMG_2811.JPG,30-Mar-2021 16:00:00,239,272.30747,-33.3
IMG_2812.JPG,30-Mar-2021 17:00:00,239,95.00934,144.0
IMG_2813.JPG,30-Mar-2021 18:00:00,239,84.04919,155.0
IMG_2825.JPG,31-Mar-2021 06:00:00,241,113.68584,127.3
IMG_2826.JPG,31-Mar-2021 07:00:00,239,96.27979,142.7
IMG_2827.JPG,31-Mar-2021 08:00:00,239,285.06534,-46.1
IMG_2828.JPG,31-Mar-2021 09:00:00,241,220.85263,20.1
IMG_2829.JPG,31-Mar-2021 10:00:00,241,308.02878,-67.0
IMG_2830.JPG,31-Mar-2021 11:00:00,245,314.06512,-69.1
IMG_2831.JPG,31-Mar-2021 12:00:00,251,330.04876,-79.0
IMG_2832.JPG,31-Mar-2021 13:00:00,253,292.02288,-39.0
IMG_2833.JPG,31-Mar-2021 14:00:00,255,291.04063,-36.0
IMG_2834.JPG,31-Mar-2021 15:00:00,255,295.42345,-40.4
IMG_2835.JPG,31-Mar-2021 16:00:00,257,297.89438,-40.9
IMG_2836.JPG,31-Mar-2021 17:00:00,257,295.83283,-38.8
IMG_2837.JPG,31-Mar-2021 18:00:00,287,310.21544,-23.2
IMG_2849.JPG,01-Apr-2021 06:00:00,260,299.68859,-39.7
IMG_2850.JPG,01-Apr-2021 07:00:00,260,302.80728,-42.8
IMG_2851.JPG,01-Apr-2021 08:00:00,262,302.26158,-40.3
IMG_2852.JPG,01-Apr-2021 09:00:00,262,303.86779,-41.9
IMG_2853.JPG,01-Apr-2021 10:00:00,262,304.32312,-42.3
IMG_2854.JPG,01-Apr-2021 11:00:00,270,308.00548,-38.0
IMG_2855.JPG,01-Apr-2021 12:00:00,274,228.79559,45.2
IMG_2856.JPG,01-Apr-2021 13:00:00,278,255.93897,22.1
IMG_2857.JPG,01-Apr-2021 14:00:00,282,325.26564,-43.3
IMG_2858.JPG,01-Apr-2021 15:00:00,286,328.57657,-42.6
IMG_2859.JPG,01-Apr-2021 16:00:00,288,334.98279,-47.0
IMG_2860.JPG,01-Apr-2021 17:00:00,294,336.8031,-42.8
IMG_2861.JPG,01-Apr-2021 18:00:00,294,338.09147,-44.1
IMG_2873.JPG,02-Apr-2021 06:00:00,298,355.65025,-57.7
IMG_2874.JPG,02-Apr-2021 07:00:00,298,339.34093,-41.3
IMG_2875.JPG,02-Apr-2021 08:00:00,298,360.70842,-62.7
IMG_2876.JPG,02-Apr-2021 09:00:00,298,343.63715,-45.6
IMG_2877.JPG,02-Apr-2021 10:00:00,302,380.46579,-78.5
IMG_2878.JPG,02-Apr-2021 11:00:00,306,397.55312,-91.6
IMG_2879.JPG,02-Apr-2021 12:00:00,310,397.72166,-87.7
IMG_2880.JPG,02-Apr-2021 13:00:00,314,356.68697,-42.7
IMG_2881.JPG,02-Apr-2021 14:00:00,316,363.52602,-47.5
IMG_2882.JPG,02-Apr-2021 15:00:00,320,378.20615,-58.2
IMG_2883.JPG,02-Apr-2021 16:00:00,320,366.60481,-46.6
IMG_2884.JPG,02-Apr-2021 17:00:00,327,378.64451,-51.6
IMG_2885.JPG,02-Apr-2021 18:00:00,323,415.43536,-92.4
IMG_2897.JPG,03-Apr-2021 06:00:00,325,375.53205,-50.5
IMG_2898.JPG,03-Apr-2021 07:00:00,329,367.7733,-38.8
IMG_2899.JPG,03-Apr-2021 08:00:00,329,383.88908,-54.9
IMG_2900.JPG,03-Apr-2021 09:00:00,323,376.14171,-53.1
IMG_2901.JPG,03-Apr-2021 10:00:00,331,414.30773,-83.3
IMG_2902.JPG,03-Apr-2021 11:00:00,333,416.74621,-83.7
IMG_2903.JPG,03-Apr-2021 12:00:00,335,424.25779,-89.3
IMG_2904.JPG,03-Apr-2021 13:00:00,337,370.78572,-33.8
IMG_2905.JPG,03-Apr-2021 14:00:00,343,430.23381,-87.2
IMG_2906.JPG,03-Apr-2021 15:00:00,343,393.33022,-50.3
IMG_2907.JPG,03-Apr-2021 16:00:00,347,397.85676,-50.9
IMG_2908.JPG,03-Apr-2021 17:00:00,347,402.62151,-55.6
IMG_2909.JPG,03-Apr-2021 18:00:00,347,404.87315,-57.9
IMG_2921.JPG,04-Apr-2021 06:00:00,365,459.90353,-94.9
IMG_2922.JPG,04-Apr-2021 07:00:00,361,420.99691,-60.0
IMG_2923.JPG,04-Apr-2021 08:00:00,365,421.45124,-56.5
IMG_2924.JPG,04-Apr-2021 09:00:00,367,426.37375,-59.4
IMG_2925.JPG,04-Apr-2021 10:00:00,365,424.25034,-59.3
IMG_2926.JPG,04-Apr-2021 11:00:00,369,423.70801,-54.7
IMG_2927.JPG,04-Apr-2021 12:00:00,373,426.96225,-54.0
IMG_2928.JPG,04-Apr-2021 13:00:00,371,339.95005,31.0
IMG_2929.JPG,04-Apr-2021 14:00:00,373,427.06181,-54.1
IMG_2930.JPG,04-Apr-2021 15:00:00,375,430.49802,-55.5
IMG_2931.JPG,04-Apr-2021 16:00:00,371,430.86454,-59.9
IMG_2932.JPG,04-Apr-2021 17:00:00,371,430.23331,-59.2
IMG_2933.JPG,04-Apr-2021 18:00:00,371,431.80804,-60.8
IMG_2945.JPG,05-Apr-2021 06:00:00,375,437.69389,-62.7
IMG_2946.JPG,05-Apr-2021 07:00:00,371,469.53746,-98.5
IMG_2947.JPG,05-Apr-2021 08:00:00,371,457.85804,-86.9
IMG_2948.JPG,05-Apr-2021 09:00:00,375,468.57554,-93.6
IMG_2949.JPG,05-Apr-2021 10:00:00,373,459.11903,-86.1
IMG_2950.JPG,05-Apr-2021 11:00:00,375,398.14217,-23.1
IMG_2951.JPG,05-Apr-2021 12:00:00,371,425.77617,-54.8
IMG_2952.JPG,05-Apr-2021 13:00:00,373,349.97148,23.0
IMG_2953.JPG,05-Apr-2021 14:00:00,375,430.6951,-55.7
IMG_2954.JPG,05-Apr-2021 15:00:00,377,434.85463,-57.9
IMG_2955.JPG,05-Apr-2021 16:00:00,377,429.46299,-52.5
IMG_2956.JPG,05-Apr-2021 17:00:00,377,466.94171,-89.9
IMG_2957.JPG,05-Apr-2021 18:00:00,377,434.598,-57.6
IMG_2969.JPG,06-Apr-2021 06:00:00,379,459.72628,-80.7
IMG_2970.JPG,06-Apr-2021 07:00:00,377,456.51613,-79.5
IMG_2971.JPG,06-Apr-2021 08:00:00,377,431.56336,-54.6
IMG_2972.JPG,06-Apr-2021 09:00:00,377,441.28687,-64.3
IMG_2973.JPG,06-Apr-2021 10:00:00,379,431.2805,-52.3
IMG_2974.JPG,06-Apr-2021 11:00:00,383,440.51576,-57.5
IMG_2975.JPG,06-Apr-2021 12:00:00,385,438.19467,-53.2
IMG_2976.JPG,06-Apr-2021 13:00:00,390,466.3807,-76.4
IMG_2977.JPG,06-Apr-2021 14:00:00,394,445.76803,-51.8
IMG_2978.JPG,06-Apr-2021 15:00:00,394,456.12288,-62.1
IMG_2979.JPG,06-Apr-2021 16:00:00,396,454.23974,-58.2
IMG_2980.JPG,06-Apr-2021 17:00:00,400,491.58404,-91.6
IMG_2981.JPG,06-Apr-2021 18:00:00,402,457.14788,-55.1
IMG_2993.JPG,07-Apr-2021 06:00:00,400,458.6955,-58.7
IMG_2994.JPG,07-Apr-2021 07:00:00,400,456.4802,-56.5
IMG_2995.JPG,07-Apr-2021 08:00:00,400,458.61864,-58.6
IMG_2996.JPG,07-Apr-2021 09:00:00,402,459.39757,-57.4
IMG_2997.JPG,07-Apr-2021 10:00:00,404,480.98139,-77.0
IMG_2998.JPG,07-Apr-2021 11:00:00,408,465.07003,-57.1
IMG_2999.JPG,07-Apr-2021 12:00:00,408,467.1834,-59.2
IMG_3000.JPG,07-Apr-2021 13:00:00,414,469.20623,-55.2
IMG_3001.JPG,07-Apr-2021 14:00:00,412,471.69554,-59.7
IMG_3002.JPG,07-Apr-2021 15:00:00,412,472.69273,-60.7
IMG_3003.JPG,07-Apr-2021 16:00:00,414,473.12637,-59.1
IMG_3004.JPG,07-Apr-2021 17:00:00,416,476.44459,-60.4
IMG_3005.JPG,07-Apr-2021 18:00:00,414,476.26517,-62.3
IMG_3017.JPG,08-Apr-2021 06:00:00,408,468.57548,-60.6
IMG_3018.JPG,08-Apr-2021 07:00:00,410,467.06987,-57.1
IMG_3019.JPG,08-Apr-2021 08:00:00,412,471.66342,-59.7
IMG_3020.JPG,08-Apr-2021 09:00:00,410,482.7422,-72.7
IMG_3021.JPG,08-Apr-2021 10:00:00,414,474.40258,-60.4
IMG_3022.JPG,08-Apr-2021 11:00:00,412,486.44911,-74.4
IMG_3023.JPG,08-Apr-2021 12:00:00,416,511.60214,-95.6
IMG_3024.JPG,08-Apr-2021 13:00:00,418,520.54209,-102.5
IMG_3025.JPG,08-Apr-2021 14:00:00,418,477.98412,-60.0
IMG_3026.JPG,08-Apr-2021 15:00:00,418,394.59801,23.4
IMG_3027.JPG,08-Apr-2021 16:00:00,418,481.95653,-64.0
IMG_3028.JPG,08-Apr-2021 17:00:00,418,516.07371,-98.1
IMG_3029.JPG,08-Apr-2021 18:00:00,418,483.43413,-65.4
IMG_3041.JPG,09-Apr-2021 06:00:00,422,486.07377,-64.1
IMG_3042.JPG,09-Apr-2021 07:00:00,418,479.90741,-61.9
IMG_3043.JPG,09-Apr-2021 08:00:00,420,483.11739,-63.1
IMG_3044.JPG,09-Apr-2021 09:00:00,418,477.68248,-59.7
IMG_3045.JPG,09-Apr-2021 10:00:00,418,487.70425,-69.7
IMG_3046.JPG,09-Apr-2021 11:00:00,418,459.10505,-41.1
IMG_3047.JPG,09-Apr-2021 12:00:00,424,521.57286,-97.6
IMG_3048.JPG,09-Apr-2021 13:00:00,426,526.84773,-100.8
IMG_3049.JPG,09-Apr-2021 14:00:00,422,491.22033,-69.2
IMG_3050.JPG,09-Apr-2021 15:00:00,424,426.36589,-2.4
IMG_3051.JPG,09-Apr-2021 16:00:00,426,533.21808,-107.2
IMG_3052.JPG,09-Apr-2021 17:00:00,430,491.40486,-61.4
IMG_3053.JPG,09-Apr-2021 18:00:00,430,491.02714,-61.0
IMG_3065.JPG,10-Apr-2021 06:00:00,428,491.22033,-63.2
IMG_3066.JPG,10-Apr-2021 07:00:00,432,495.05751,-63.1
IMG_3067.JPG,10-Apr-2021 08:00:00,428,506.56805,-78.6
IMG_3068.JPG,10-Apr-2021 09:00:00,436,493.46959,-57.5
IMG_3069.JPG,10-Apr-2021 10:00:00,432,497.99624,-66.0
IMG_3070.JPG,10-Apr-2021 11:00:00,432,548.9215,-116.9
IMG_3071.JPG,10-Apr-2021 12:00:00,430,516.48964,-86.5
IMG_3072.JPG,10-Apr-2021 13:00:00,432,495.41539,-63.4
IMG_3073.JPG,10-Apr-2021 14:00:00,428,495.05751,-67.1
IMG_3074.JPG,10-Apr-2021 15:00:00,434,496.36688,-62.4
IMG_3075.JPG,10-Apr-2021 16:00:00,436,498.36811,-62.4
IMG_3076.JPG,10-Apr-2021 17:00:00,436,502.99597,-67.0
IMG_3077.JPG,10-Apr-2021 18:00:00,432,534.91305,-102.9
IMG_3089.JPG,11-Apr-2021 06:00:00,432,496.83423,-64.8
IMG_3090.JPG,11-Apr-2021 07:00:00,434,506.58746,-72.6
IMG_3091.JPG,11-Apr-2021 08:00:00,432,495.5626,-63.6
IMG_3092.JPG,11-Apr-2021 09:00:00,434,539.164,-105.2
IMG_3093.JPG,11-Apr-2021 10:00:00,434,547.40064,-113.4
IMG_3094.JPG,11-Apr-2021 11:00:00,432,536.9684,-105.0
IMG_3095.JPG,11-Apr-2021 12:00:00,430,502.07188,-72.1
IMG_3096.JPG,11-Apr-2021 13:00:00,438,503.01889,-65.0
IMG_3097.JPG,11-Apr-2021 14:00:00,430,496.06323,-66.1
IMG_3098.JPG,11-Apr-2021 15:00:00,432,499.81231,-67.8
IMG_3099.JPG,11-Apr-2021 16:00:00,436,506.89033,-70.9
IMG_3100.JPG,11-Apr-2021 17:00:00,432,499.19371,-67.2
IMG_3101.JPG,11-Apr-2021 18:00:00,434,500.69615,-66.7
IMG_3113.JPG,12-Apr-2021 06:00:00,434,511.3084,-77.3
IMG_3114.JPG,12-Apr-2021 07:00:00,436,493.75222,-57.8
IMG_3115.JPG,12-Apr-2021 08:00:00,436,412.01553,24.0
IMG_3116.JPG,12-Apr-2021 09:00:00,438,543.26007,-105.3
IMG_3117.JPG,12-Apr-2021 10:00:00,436,519.79277,-83.8
IMG_3118.JPG,12-Apr-2021 11:00:00,438,500.035,-62.0
IMG_3119.JPG,12-Apr-2021 12:00:00,436,499.92656,-63.9
IMG_3120.JPG,12-Apr-2021 13:00:00,440,504.04966,-64.0
IMG_3121.JPG,12-Apr-2021 14:00:00,436,502.83847,-66.8
IMG_3122.JPG,12-Apr-2021 15:00:00,440,499.85612,-59.9
IMG_3123.JPG,12-Apr-2021 16:00:00,440,506.11122,-66.1
IMG_3124.JPG,12-Apr-2021 17:00:00,442,502.54275,-60.5
IMG_3125.JPG,12-Apr-2021 18:00:00,440,504.12453,-64.1
IMG_3137.JPG,13-Apr-2021 06:00:00,442,505.08044,-63.1
IMG_3138.JPG,13-Apr-2021 07:00:00,444,497.73365,-53.7
IMG_3139.JPG,13-Apr-2021 08:00:00,440,505.65161,-65.7
IMG_3140.JPG,13-Apr-2021 09:00:00,440,540.95589,-101.0
IMG_3141.JPG,13-Apr-2021 10:00:00,444,503.86181,-59.9
IMG_3142.JPG,13-Apr-2021 11:00:00,446,556.61926,-110.6
IMG_3143.JPG,13-Apr-2021 12:00:00,451,518.4958,-67.5
IMG_3144.JPG,13-Apr-2021 13:00:00,453,559.70313,-106.7
IMG_3145.JPG,13-Apr-2021 14:00:00,455,527.36672,-72.4
IMG_3146.JPG,13-Apr-2021 15:00:00,459,471.38271,-12.4
IMG_3147.JPG,13-Apr-2021 16:00:00,457,473.54795,-16.5
IMG_3148.JPG,13-Apr-2021 17:00:00,455,525.06379,-70.1
IMG_3149.JPG,13-Apr-2021 18:00:00,457,538.9833,-82.0
IMG_3161.JPG,14-Apr-2021 06:00:00,461,528.8975,-67.9
IMG_3162.JPG,14-Apr-2021 07:00:00,459,520.07102,-61.1
IMG_3163.JPG,14-Apr-2021 08:00:00,459,527.55922,-68.6
IMG_3164.JPG,14-Apr-2021 09:00:00,461,564.14006,-103.1
IMG_3165.JPG,14-Apr-2021 10:00:00,461,538.09474,-77.1
IMG_3166.JPG,14-Apr-2021 11:00:00,467,466.55796,0.4
IMG_3167.JPG,14-Apr-2021 12:00:00,467,541.11543,-74.1
IMG_3168.JPG,14-Apr-2021 13:00:00,473,550.49905,-77.5
IMG_3169.JPG,14-Apr-2021 14:00:00,477,542.20211,-65.2
IMG_3170.JPG,14-Apr-2021 15:00:00,481,466.94171,14.1
IMG_3171.JPG,14-Apr-2021 16:00:00,479,491.94363,-12.9
IMG_3172.JPG,14-Apr-2021 17:00:00,485,559.3129,-74.3
IMG_3173.JPG,14-Apr-2021 18:00:00,483,556.68099,-73.7
IMG_3185.JPG,15-Apr-2021 06:00:00,485,586.51178,-101.5
IMG_3186.JPG,15-Apr-2021 07:00:00,487,589.6041,-102.6
IMG_3187.JPG,15-Apr-2021 08:00:00,491,581.09459,-90.1
IMG_3188.JPG,15-Apr-2021 09:00:00,489,597.46072,-108.5
IMG_3189.JPG,15-Apr-2021 10:00:00,495,564.55011,-69.6
IMG_3190.JPG,15-Apr-2021 11:00:00,499,609.59121,-110.6
IMG_3191.JPG,15-Apr-2021 12:00:00,501,569.46279,-68.5
IMG_3192.JPG,15-Apr-2021 13:00:00,507,581.39611,-74.4
IMG_3193.JPG,15-Apr-2021 14:00:00,505,580.22527,-75.2
IMG_3194.JPG,15-Apr-2021 15:00:00,509,505.54301,3.5
IMG_3195.JPG,15-Apr-2021 16:00:00,516,330.48332,185.5
IMG_3196.JPG,15-Apr-2021 17:00:00,513,620.9454,-107.9
IMG_3197.JPG,15-Apr-2021 18:00:00,516,600.59368,-84.6
IMG_3209.JPG,16-Apr-2021 06:00:00,518,633.44717,-115.4
IMG_3210.JPG,16-Apr-2021 07:00:00,520,586.39393,-66.4
IMG_3211.JPG,16-Apr-2021 08:00:00,520,591.60539,-71.6
IMG_3212.JPG,16-Apr-2021 09:00:00,520,588.0373,-68.0
IMG_3213.JPG,16-Apr-2021 10:00:00,526,635.35363,-109.4
IMG_3214.JPG,16-Apr-2021 11:00:00,530,640.90112,-110.9
IMG_3215.JPG,16-Apr-2021 12:00:00,534,644.48922,-110.5
IMG_3216.JPG,16-Apr-2021 13:00:00,540,494.12037,45.9
IMG_3217.JPG,16-Apr-2021 14:00:00,542,613.07019,-71.1
IMG_3218.JPG,16-Apr-2021 15:00:00,546,536.51199,9.5
IMG_3219.JPG,16-Apr-2021 16:00:00,550,547.80478,2.2
IMG_3220.JPG,16-Apr-2021 17:00:00,550,661.58286,-111.6
IMG_3221.JPG,16-Apr-2021 18:00:00,550,659.53629,-109.5
IMG_3233.JPG,17-Apr-2021 06:00:00,560,671.79892,-111.8
IMG_3234.JPG,17-Apr-2021 07:00:00,558,677.94754,-119.9
IMG_3235.JPG,17-Apr-2021 08:00:00,566,654.82905,-88.8
IMG_3236.JPG,17-Apr-2021 09:00:00,564,679.79166,-115.8
IMG_3237.JPG,17-Apr-2021 10:00:00,568,697.64214,-129.6
IMG_3238.JPG,17-Apr-2021 11:00:00,572,647.31431,-75.3
IMG_3239.JPG,17-Apr-2021 12:00:00,576,687.50831,-111.5
IMG_3240.JPG,17-Apr-2021 13:00:00,581,655.33349,-74.3
IMG_3241.JPG,17-Apr-2021 14:00:00,583,665.10318,-82.1
IMG_3242.JPG,17-Apr-2021 15:00:00,587,589.72677,-2.7
IMG_3243.JPG,17-Apr-2021 16:00:00,589,674.48497,-85.5
IMG_3244.JPG,17-Apr-2021 17:00:00,587,674.9588,-88.0
IMG_3245.JPG,17-Apr-2021 18:00:00,589,724.97893,-136.0
IMG_3257.JPG,18-Apr-2021 06:00:00,597,679.08025,-82.1
IMG_3258.JPG,18-Apr-2021 07:00:00,595,732.7228,-137.7
IMG_3259.JPG,18-Apr-2021 08:00:00,597,677.05153,-80.1
IMG_3260.JPG,18-Apr-2021 09:00:00,599,675.98472,-77.0
IMG_3261.JPG,18-Apr-2021 10:00:00,603,677.67255,-74.7
IMG_3262.JPG,18-Apr-2021 11:00:00,605,683.01765,-78.0
IMG_3263.JPG,18-Apr-2021 12:00:00,609,696.54671,-87.5
IMG_3264.JPG,18-Apr-2021 13:00:00,611,629.94512,-18.9
IMG_3265.JPG,18-Apr-2021 14:00:00,613,692.44707,-79.4
IMG_3266.JPG,18-Apr-2021 15:00:00,615,609.62681,5.4
IMG_3267.JPG,18-Apr-2021 16:00:00,619,612.98535,6.0
IMG_3268.JPG,18-Apr-2021 17:00:00,621,700.63362,-79.6
IMG_3269.JPG,18-Apr-2021 18:00:00,621,648.76315,-27.8
IMG_3280.JPG,19-Apr-2021 05:00:00,623,701.66127,-78.7
IMG_3281.JPG,19-Apr-2021 06:00:00,625,743.07622,-118.1
IMG_3282.JPG,19-Apr-2021 07:00:00,623,825.75405,-202.8
IMG_3283.JPG,19-Apr-2021 08:00:00,625,705.98004,-81.0
IMG_3284.JPG,19-Apr-2021 09:00:00,621,700.63362,-79.6
IMG_3285.JPG,19-Apr-2021 10:00:00,625,703.17421,-78.2
IMG_3286.JPG,19-Apr-2021 11:00:00,625,649.67818,-24.7
IMG_3287.JPG,19-Apr-2021 12:00:00,627,716.52646,-89.5
IMG_3288.JPG,19-Apr-2021 13:00:00,629,711.35861,-82.4
IMG_3289.JPG,19-Apr-2021 14:00:00,629,708.40357,-79.4
IMG_3290.JPG,19-Apr-2021 15:00:00,631,661.23031,-30.2
IMG_3291.JPG,19-Apr-2021 16:00:00,631,679.52244,-48.5
IMG_3292.JPG,19-Apr-2021 17:00:00,631,732.68024,-101.7
IMG_3293.JPG,19-Apr-2021 18:00:00,629,662.25368,-33.3
IMG_3304.JPG,20-Apr-2021 05:00:00,629,715.14497,-86.1
IMG_3305.JPG,20-Apr-2021 06:00:00,631,711.70799,-80.7
IMG_3306.JPG,20-Apr-2021 07:00:00,631,856.29532,-225.3
IMG_3307.JPG,20-Apr-2021 08:00:00,629,719.43807,-90.4
IMG_3308.JPG,20-Apr-2021 09:00:00,629,709.06048,-80.1
IMG_3309.JPG,20-Apr-2021 10:00:00,633,726.21988,-93.2
IMG_3310.JPG,20-Apr-2021 11:00:00,635,716.69149,-81.7
IMG_3311.JPG,20-Apr-2021 12:00:00,639,720.5194,-81.5
IMG_3312.JPG,20-Apr-2021 13:00:00,641,728.39115,-87.4
IMG_3313.JPG,20-Apr-2021 14:00:00,641,729.32419,-88.3
IMG_3314.JPG,20-Apr-2021 15:00:00,646,429.00476,217.0
IMG_3315.JPG,20-Apr-2021 16:00:00,646,649.50631,-3.5
IMG_3316.JPG,20-Apr-2021 17:00:00,646,734.25531,-88.3
IMG_3317.JPG,20-Apr-2021 18:00:00,646,734.14701,-88.1
IMG_3328.JPG,21-Apr-2021 05:00:00,648,743.75897,-95.8
IMG_3329.JPG,21-Apr-2021 06:00:00,648,735.74167,-87.7
IMG_3330.JPG,21-Apr-2021 07:00:00,646,1001.92656,-355.9
IMG_3331.JPG,21-Apr-2021 08:00:00,650,731.43693,-81.4
IMG_3332.JPG,21-Apr-2021 09:00:00,648,729.47845,-81.5
IMG_3333.JPG,21-Apr-2021 10:00:00,652,736.65704,-84.7
IMG_3334.JPG,21-Apr-2021 11:00:00,656,394.00116,262.0
IMG_3335.JPG,21-Apr-2021 12:00:00,662,750.88664,-88.9
IMG_3336.JPG,21-Apr-2021 13:00:00,666,505.17811,160.8
IMG_3337.JPG,21-Apr-2021 14:00:00,668,753.46667,-85.5
IMG_3338.JPG,21-Apr-2021 15:00:00,670,417.93117,252.1
IMG_3339.JPG,21-Apr-2021 16:00:00,670,769.91764,-99.9
IMG_3340.JPG,21-Apr-2021 17:00:00,674,757.04405,-83.0
IMG_3341.JPG,21-Apr-2021 18:00:00,674,759.90669,-85.9
IMG_3352.JPG,22-Apr-2021 05:00:00,684,779.97909,-96.0
IMG_3353.JPG,22-Apr-2021 06:00:00,686,819.05164,-133.1
IMG_3354.JPG,22-Apr-2021 07:00:00,682,1004.74234,-322.7
IMG_3355.JPG,22-Apr-2021 08:00:00,686,775.6364,-89.6
IMG_3356.JPG,22-Apr-2021 09:00:00,692,785.89482,-93.9
IMG_3357.JPG,22-Apr-2021 10:00:00,696,784.35966,-88.4
IMG_3358.JPG,22-Apr-2021 11:00:00,698,786.77949,-88.8
IMG_3359.JPG,22-Apr-2021 12:00:00,707,578.23971,128.8
IMG_3360.JPG,22-Apr-2021 13:00:00,707,801.77982,-94.8
IMG_3361.JPG,22-Apr-2021 14:00:00,713,807.8751,-94.9
IMG_3362.JPG,22-Apr-2021 15:00:00,715,724.56592,-9.6
IMG_3363.JPG,22-Apr-2021 16:00:00,715,808.20049,-93.2
IMG_3364.JPG,22-Apr-2021 17:00:00,719,809.77813,-90.8
IMG_3365.JPG,22-Apr-2021 18:00:00,715,807.52355,-92.5
IMG_3376.JPG,23-Apr-2021 05:00:00,719,842.1913,-123.2
IMG_3377.JPG,23-Apr-2021 06:00:00,719,817.94916,-98.9
IMG_3378.JPG,23-Apr-2021 07:00:00,715,803.2211,-88.2
IMG_3379.JPG,23-Apr-2021 08:00:00,717,817.88977,-100.9
IMG_3380.JPG,23-Apr-2021 09:00:00,715,806.3273,-91.3
IMG_3381.JPG,23-Apr-2021 10:00:00,721,819.74269,-98.7
IMG_3382.JPG,23-Apr-2021 11:00:00,723,413.88967,309.1
IMG_3383.JPG,23-Apr-2021 12:00:00,729,524.675,204.3
IMG_3384.JPG,23-Apr-2021 13:00:00,733,743.59121,-10.6
IMG_3385.JPG,23-Apr-2021 14:00:00,733,829.36681,-96.4
IMG_3386.JPG,23-Apr-2021 15:00:00,737,838.39176,-101.4
IMG_3387.JPG,23-Apr-2021 16:00:00,739,832.60731,-93.6
IMG_3388.JPG,23-Apr-2021 17:00:00,739,843.6435,-104.6
IMG_3389.JPG,23-Apr-2021 18:00:00,739,835.73257,-96.7
